N,P,K,temperature,humidity,ph,rainfall,label
86.7242586364617,39.2272189512044,37.5103657890625,24.1821142082019,80.0212106900388,5.65648168821655,266.92900376717,rice
80.5169116614931,40.2095351159617,50.2250111732748,21.8767076664961,81.087856774725,6.26400886162371,218.427982478602,rice
75.2387845400901,42.8073390516487,45.349021996534,20.282550539953,87.7696485099241,6.44299213492451,227.696461681135,rice
66.0877232095635,37.703378308892,49.1030426016557,26.529455597759,84.4796469856424,5.1103678450968,265.338550771279,rice
65.9104506512687,62.1863827887859,48.8517944579254,24.1313097123668,80.2365414752795,5.10377491596331,216.983959543046,rice
83.3264114630066,59.6319545594193,35.0790972169857,24.2857761663784,87.6622136000833,6.87089731771075,226.148843004438,rice
65.9647628692746,35.7901854257985,36.0201801830065,26.2531433320852,85.5174766124773,5.28794092838091,209.99529938679,rice
90.8971329736044,43.6882003670038,47.9629181478931,21.1491718781875,78.5339802841348,6.51139820996271,241.909606280695,rice
62.0317875230833,47.6109847811102,49.1316465261074,25.0277091362643,80.6213464469748,5.03313443741441,223.819383030673,rice
70.6975364362344,37.0598250730242,49.3634948853233,20.5675435329636,83.5691229391699,5.03008381115742,275.737119231251,rice
77.5671793229725,50.4048871693224,44.9919359339364,20.0716232732272,87.946055122626,5.03224205576453,180.368881020867,rice
62.5509238441246,54.6242936279738,35.6907806641845,27.3081135821101,89.1476492002363,6.15298440384352,225.039953032993,rice
84.6642432290429,36.3333144650484,42.4553445854482,21.1350407940964,83.2434081888028,6.98071569296565,243.88387181977,rice
76.0279597044121,43.9211760363174,53.1451675752854,24.6939114354057,86.8212618254224,5.04853041612009,285.801679299121,rice
98.3071471370324,44.9850279465248,49.2139994978039,21.2989024488716,79.2377141626727,6.1303787532404,219.989860951896,rice
91.0444175969085,39.4564733209351,37.6938715124009,21.7252834410059,85.0999495401513,6.28209844291308,298.442591036876,rice
90.6489215375152,55.1612987928844,49.2989888853854,22.3157981644924,84.6247201611403,7.47457145828501,258.099879621575,rice
60.9686808106344,45.3622254498127,53.581256847168,20.2171431669114,80.6369669673205,5.66360932107252,184.617658855681,rice
68.64494817734,52.7701525379765,43.4442795945538,20.7498621981358,89.9218158702933,5.30348336920304,192.731330121277,rice
72.852354241932,44.715171749571,50.0230278330962,26.6066233583757,78.108507122895,5.10521025168952,280.859476896403,rice
95.835788192151,42.142209609571,53.5243933827264,26.7623057657677,81.3533628002523,6.36336001631029,256.137114500691,rice
85.0131696579108,40.7692680348499,40.9452831772833,21.4643611095214,78.3550029976084,5.57712082661554,292.015398979194,rice
99.4970699956161,58.4491139759538,37.7043982049005,27.0671647969015,80.2404932744058,5.73692087700447,247.198408258706,rice
82.2484277106116,56.3743878767706,37.4385531071753,24.785422446572,82.6973523538082,7.20231793574165,233.38970188675,rice
73.9281693910845,63.9139415784338,44.2729370152917,24.3441420254969,89.3729337916583,7.02584172344107,195.39867785545,rice
64.2933544536556,35.0852951966623,38.6370935028592,27.5224027780455,86.6411966628587,6.01001134072897,250.895335558288,rice
76.0011793375021,38.7484946259058,53.2137527215359,27.71120858179,88.68654020442,5.43158189879338,220.065852738948,rice
81.6880770314895,53.4779444422936,53.8486464036855,26.5786758989928,86.9677889984882,5.70127226328537,220.762081444618,rice
81.0237623104005,59.1287604133267,39.9422082979894,27.1040069642961,85.9730019867294,5.47390442945711,213.255000800479,rice
69.1404352752214,60.0085192429873,47.8005477100613,20.6547128039667,83.0461396952375,7.01284835674467,285.611146625882,rice
91.1517583723887,63.600957053062,53.86190504714,23.7328644076981,88.6891657741224,7.42298068125871,198.741745119328,rice
83.5011910011532,41.3372005784592,47.685534661955,24.0072080995921,86.4995329773517,5.27758019057921,276.720277078785,rice
73.914662848187,50.6364359174093,49.4136653162603,21.6034298621134,84.3579334087474,6.97159575855899,249.808776429765,rice
67.9420463777809,63.0423278073046,36.0459895343734,20.4454631174195,80.5733131741049,5.78417364078768,200.582232186842,rice
71.653300510558,43.1198075172118,52.6412394445582,23.7602670061217,82.4099210018338,6.13447304402221,271.608955977302,rice
86.5026498523087,64.9801120348182,42.1145287282367,26.8524154829105,81.7357995937279,5.45875700677687,292.567713927742,rice
83.7220797798233,53.3850104540517,42.74199716176,27.6489793395852,78.9423563466139,6.17780674420195,285.677317281103,rice
72.4961111007706,62.5803235907016,52.6282073546332,27.12547085766,78.1980124712912,5.74588271241909,249.629135983823,rice
60.7448389943432,61.72387326915,43.2185032256965,25.4105684000117,85.8662737942609,7.4616565194268,215.543671471786,rice
97.6231907483298,57.5664428260952,35.617352733676,22.7264079836786,85.8869143034736,5.10648585628089,262.236038987635,rice
80.8750985101215,45.9487048820354,41.8775359480072,21.748089210013,85.2616260085542,6.60918880212549,252.659899793873,rice
72.8764231376706,54.9559885589201,36.9912094445858,21.0873045516607,88.1105611036115,5.72718572720289,297.471568229362,rice
74.0526452353469,35.0195481348874,46.5869903711542,22.8079390203617,79.865233591695,5.45791291653081,257.273432573897,rice
64.3416516875576,63.3440382538103,38.6046177072472,25.246350532978,80.3860823392803,6.60466755116576,258.296667094481,rice
94.4247568372752,45.686966642126,47.3064283897665,23.3702946954268,83.1423402620211,5.48835996444726,274.863037771947,rice
82.175491611555,51.1260071099391,48.4434541191177,23.2909243084914,85.8561307694093,7.43685908729064,263.605247570018,rice
69.0238462803065,44.340940671666,45.8081596208774,26.5038084604329,86.3254598026748,5.79316881755049,250.711636538949,rice
90.0625262549438,48.5455435437828,54.7961724082922,24.0144538078524,88.3131501108004,5.10338763361954,229.600340467692,rice
76.8062221709668,39.9093773611399,46.2543466925874,23.2503624461826,78.0217020046067,7.382567347904,235.354998901186,rice
72.3586958890589,49.5271715822291,49.2925246405846,23.3121472277269,79.146363661227,5.47101105119614,275.631460871376,rice
78.5247213665977,62.2153043780547,53.7925367796759,24.0060685481904,80.5010583803528,7.36808718758081,285.953416221753,rice
85.337463442859,54.1946871295547,51.8563551813626,24.0404150244037,81.8951939213533,5.15802146990691,193.086691746994,rice
96.1885641311242,53.7653839722115,53.389602218936,24.5527934341472,79.8478671879731,5.94297286050533,196.107808321765,rice
74.9555063317323,38.2836611397954,35.101404655772,25.2229525098684,78.2606003490559,5.58854684726733,289.995451173743,rice
93.0850254525826,59.7734524704392,42.979153081765,24.7860640942985,79.5463572785008,6.98083699307443,214.613414665038,rice
81.7736522209708,36.5054534429244,35.020963149155,25.2080611536317,79.129442140986,6.32597758845704,274.406276184323,rice
80.9529203087803,56.5969872668371,53.0248685544473,25.4176720555023,88.677820214386,5.880589732379,228.510395273804,rice
94.3490501466901,58.8543836324729,51.8983844839495,27.5323309821693,87.7345833153159,6.65674276145023,190.707645104596,rice
91.9088576510124,63.0366981858559,51.9577900958051,21.4936386875313,86.5417936335047,7.41579093850022,276.757313970829,rice
92.5616462121539,48.3158031493965,53.1358773252628,21.565891095235,81.2504854887959,7.05152660587408,223.24473573046,rice
83.0132407057161,62.5529586046715,53.3618307012887,20.4789500313247,88.1615773058318,5.86878191953003,282.007758068856,rice
75.582231830611,38.1148041519871,54.5132011359153,21.0551867564466,88.598194151464,6.28093866458206,296.207925917678,rice
61.2254251172884,51.6211528967233,48.1343327803231,22.5411826421233,79.5556523117962,5.49803686584255,269.594383709875,rice
64.6250070094247,39.5947595800249,44.286056165251,23.0584323383209,84.7688959197928,7.45102004611446,265.173822289879,rice
71.0415788232542,64.8334868437767,44.6294524006683,24.9515564837267,84.3795030072236,5.10970124048633,214.007428322922,rice
95.0685667037352,62.8048306739912,52.6334523771114,27.7153373396561,81.782212041217,5.59791431324459,228.979877461204,rice
93.2291920451583,61.1668834398346,36.0961298277118,26.6290663213604,83.4472909148071,7.09477891777399,274.008663284596,rice
95.5928670035642,42.5023168174095,52.5617711327792,21.1298887846665,85.4567507521514,6.53438233376219,235.164701088874,rice
90.6109320328622,48.6136618040566,48.5512942325097,22.2617875906927,82.4052569923947,5.35070699539534,193.62195902207,rice
64.3750897442806,49.8256231028706,45.2590756817996,22.8124607628269,83.6219396356595,6.7125103665574,198.47057524066,rice
85.0884296303095,58.2513206048176,42.0646132561679,26.5156268470528,89.5205882524702,5.84613554684731,214.187444892799,rice
71.2371681869203,47.2848895063088,46.073415042401,20.8810700033238,79.7099574160343,7.31594081261006,226.34613545907,rice
89.7748933684895,53.1015219018336,44.5541692476506,27.2818348367148,83.1615307522759,7.05922348404267,193.372904012619,rice
78.9215584932461,41.1232372169025,48.6338743724087,27.5846366992149,79.1865951256764,5.73662330081529,266.562306902633,rice
75.1216804492854,51.2555812188683,44.5415138963338,27.8835675194317,79.8348890458396,6.57371016758201,211.513312119764,rice
79.0013282834558,50.7457368149169,41.5356548440343,25.2907749997875,81.3035845771914,5.43702617075156,238.121291537826,rice
61.7716963969971,38.716818785163,38.4517939684222,21.7968663842403,80.5668776773693,6.81824632422917,223.800589127373,rice
95.632134934716,36.0573596512235,43.8265648152803,20.3069392555891,88.3357770360707,5.10620148391752,198.50061341119,rice
82.8374445172201,55.1461083256389,52.3274753695948,26.8893287511958,78.5256587809537,6.40885704146179,288.346463212905,rice
94.705744383254,37.2978517191009,37.4937562097301,27.9167122467964,81.5627070961346,5.30901715290221,212.320695255101,rice
63.1410467825555,39.5277716054245,39.9776495923184,21.2386307833896,85.7865471037973,6.5677419265582,231.449586288747,rice
63.208557908986,50.2731206059796,49.4694257874365,27.0798116322047,84.8082094876134,5.89086912031792,238.468636543708,rice
80.2642954235264,36.0724236215802,53.9415706596065,22.3327413398459,85.0440416815896,5.27109788976195,288.491651298707,rice
94.1328379857041,48.8122692116593,51.003615621479,21.8519505308252,85.3352118205909,6.45364225676918,201.197856041229,rice
61.8919560880828,36.4370566380383,39.7003853436096,27.3361137208231,85.2443000223694,5.23916445567234,277.473264456481,rice
95.3727840610653,40.7733728344428,52.6707711804988,21.6994866215156,82.9846058753247,6.8135630650509,238.886659824702,rice
66.4973169595456,39.2870743732374,54.5237927974778,23.8116328622269,80.4863420214906,6.03912138894159,223.324346879183,rice
61.6339041300276,40.3282783251853,48.9599272673763,25.6791102763634,78.1820124630732,5.91310508242487,207.024626390554,rice
87.6206698583535,48.461050956259,53.4667006314111,20.3008901888043,78.5476784149872,5.63024438015662,183.94980546271,rice
78.4480852905885,49.6535606657404,54.359244778454,27.7092729768293,81.1281823902988,6.68740358515056,254.674534087383,rice
93.7320677161832,36.9061992186616,36.5831367958259,21.3729572041766,82.5961671586131,6.0334373223751,262.906563078475,rice
72.7002597845626,59.7197342360018,50.1007941714957,23.2325798660668,79.9897001655724,7.03903144087597,180.774155874166,rice
94.8117044171373,51.1106871143499,39.1425086111494,24.7081917061974,86.7650849915878,6.46767995970681,203.256342608135,rice
89.749762504245,63.8061058236314,38.4964910817782,22.957951640225,83.6799296874925,6.14451779920818,264.147695006871,rice
86.1780182766626,35.2468220285358,45.2558997134938,27.5721064207946,86.888245458197,6.84687109982915,203.705509241533,rice
64.5627721420316,53.5651857073257,45.765382680467,25.0572302029735,89.4224052482389,6.33579298566831,224.761230221373,rice
84.9884222936763,40.0488596898731,47.6707758068437,27.0386521662765,83.2378221085471,5.066159366428,250.909142620354,rice
98.0571647351874,57.8251042509568,42.5027031765798,24.242064932474,79.05467340213,6.07121232248434,191.946915635814,rice
64.1334578600402,62.1299685710715,51.0375139098789,27.2774916474137,89.4668137112012,7.47414308482508,259.5667245237,rice
92.6305496099547,42.2673416870028,44.1511836131807,23.400969804917,78.9223696370248,7.02226347151318,270.746796825317,rice
96.7273352093656,55.0656888960235,44.1274037580599,27.3426797433489,56.055095792308,6.73118890483453,67.1420103158532,maize
91.6763281783444,51.2385729124018,34.7982486848711,18.4421075789454,63.6268674622415,5.66548190483147,102.181280312213,maize
69.8956237034386,39.1297948053711,33.3251037208015,25.833572056067,61.2052702187585,5.64698242007149,60.643971422987,maize
88.5802895150056,57.0918031558822,39.4493463888994,29.9555915370377,65.8931992067458,6.56493132122091,108.536809025582,maize
97.042024003827,40.2793882904944,34.0942059033989,22.3154524715224,59.3511671593185,6.75202932243796,61.9947442887326,maize
63.6792204732444,47.5629491277798,40.0340294256034,18.4216159267452,67.1538465154142,6.97078618755135,78.6856945225437,maize
74.5218608782263,44.3588978375117,42.4568831536252,24.2906932338563,72.5867192808477,6.94005204874093,94.1023888597742,maize
64.1833958421757,36.2391198385689,40.4464710855142,27.1992075057697,69.2183421711523,6.61823567474179,72.2205685415401,maize
97.2985143201884,42.0170860537407,40.6451470105188,24.0971379513373,57.216767781515,5.96513003225677,111.951456261776,maize
74.6122461625432,36.0560641722083,38.5444251790384,20.5654201817538,60.5127010985802,6.504663400587,69.3246048452913,maize
88.7557942367884,54.9366114427972,37.3532602155363,26.4308542220066,57.3492831002685,6.54895692251108,81.0876429551689,maize
76.9772070911607,60.4886948529113,34.4414971719689,25.9838879555389,69.998390299733,5.8608605041452,109.287942242477,maize
65.3870246025673,55.4716022268271,36.8604082762545,24.0796949928998,56.7839153026156,6.74435439367981,69.571059229584,maize
67.3944840987187,64.0833236226269,35.5407966256797,23.9622472403395,68.408748737261,6.16835595651919,119.864422073525,maize
71.0704448870711,40.8686869618803,31.2087884201709,25.2444109093605,60.8051819753857,6.11944460036207,83.1414024080808,maize
75.0700111943623,39.6398163049667,26.2805888062718,25.1214354425303,55.9237166964094,6.77832313965928,90.4819608435416,maize
75.3711882677726,44.3054747578248,41.8554166596641,22.3310264890692,56.3902603748209,5.56658785048248,73.8378323399638,maize
74.112615927175,37.5260253541758,39.1428753147567,20.2372714775788,71.8041200920959,6.99383864039268,92.0419652071046,maize
87.8043837602271,37.7186953847849,29.1143449694451,23.3643206178045,60.0746795465586,6.03058052204111,68.8601433061343,maize
86.1600105213746,39.849063127697,26.2324617436307,23.5159249946084,71.5522120504418,6.15366349585991,105.475520112308,maize
81.1090478958138,50.869729204974,43.2637659172824,18.5161191637237,74.5470833869405,6.47722745965106,108.034943746419,maize
86.3704651530695,55.5280699490235,27.7187012521171,25.2110930174641,63.0235747471562,6.65066474333902,115.436743439844,maize
64.4568821436059,53.0988696581213,33.3452323863028,23.4006371299739,63.3414127995919,6.77748593002441,100.898441151203,maize
62.5614945602424,60.7493657552401,27.9285247078764,27.5094222899105,64.9699015682423,6.04054543843518,103.816766619597,maize
65.9418821735037,58.4344323740501,43.0251691574348,20.9028289946275,67.1723247283009,6.20905780569141,109.505352047042,maize
82.2083948656024,58.8186640962114,27.8685871897585,28.3542220230932,61.888149076555,6.60017553651714,62.1508779107364,maize
76.2541672476819,37.0934655759919,41.9220460005673,28.2306628796415,66.7322103826945,5.83558499665725,92.5546925666531,maize
82.3335912927676,54.3308440359919,25.1921464410574,22.9264795505099,66.6823675444733,5.61442697402762,87.8213300033572,maize
86.8271512663118,58.0028618141091,30.0111614563554,23.7463090912189,60.822426949545,5.60545442817055,90.6428744693486,maize
96.1248500999645,42.0402981420235,32.180440038061,27.5107500113131,60.8880925019682,5.64828478482006,93.3727309170052,maize
92.3736074158799,43.2149677948165,36.7440251781345,18.8719582338221,57.3641385800969,6.46868908101166,99.4609909688407,maize
91.5412002389977,44.0097180609637,43.7979323504483,28.9426147113287,57.7328058903724,5.7815518513236,95.4124363211042,maize
65.471451117411,61.7495340745661,41.6272490735293,18.2939743102966,62.9284110888505,6.04210055109211,113.071865398936,maize
61.0877363761364,61.7861386001046,32.6798548864573,18.639433276206,68.2629481112878,6.28770008603469,90.1939757215762,maize
93.4042232452911,49.6124089437595,26.1998547805473,21.5064707284358,57.4973361578292,6.9795490412412,104.939975815332,maize
74.8211683215672,47.6721818943844,31.757535527813,23.5909373786258,63.6098385735461,6.70900847586291,112.928926540971,maize
78.6575250041939,44.3198436588607,36.3394906331503,19.8537726355036,72.6520343579594,6.88076095370611,105.98009847383,maize
73.7210187566099,50.8297864467976,40.3612928350276,28.7758088478706,69.7491231163727,6.50752163795173,106.928806559615,maize
75.2384389262825,41.0962554375158,25.3875415960269,23.4607142812855,57.4131865996929,5.73167538118161,117.20546549056,maize
92.5297454896056,61.3971163548516,37.3935733048215,18.1412818395259,59.026704134432,6.76181151264432,105.975424193766,maize
78.7698029069089,49.8045703185743,36.1717282194513,29.5911435091827,66.1078943363893,5.50357347144912,93.6453170579138,maize
83.2883932549918,59.5105463799604,42.9761010678374,27.366548251997,67.0925217643811,6.60534693119365,89.5248067330219,maize
98.3768299959492,43.7578429182795,32.8844364676086,22.6489278248739,61.2936987105262,6.95027923139291,119.374094092927,maize
68.7679019424915,44.5549908976792,25.2170384955672,21.7179911843119,68.031107929084,6.89308652626029,99.1916692718825,maize
77.2303030720122,63.4188759924932,27.8541513266294,26.1751981341165,56.5859925474906,5.50011685700161,112.426823774551,maize
61.3669548376309,41.2843469233645,43.6411088978132,20.18473726799,68.3859755533682,5.83208723754254,107.925068506936,maize
75.4476120767405,38.6171607922843,38.4902767154809,24.1923989011871,63.3510459998395,6.19201646893845,111.229373240485,maize
83.5190312487628,41.7637052558193,37.4872566910867,28.6398032543435,72.4870970833521,6.66503325252097,75.0028514466262,maize
66.9994392278602,51.4320345858261,38.1219205414513,28.8460718443832,56.4731592691844,6.86134119465078,69.0871352744694,maize
94.7888938499563,57.682924611812,26.9855835298009,24.3039175301343,69.7364009892272,6.42744957396176,115.514812737477,maize
63.2979946598867,48.8649913546932,29.1069842614732,25.7446338942948,69.9092265846716,5.78622563964977,109.980434798626,maize
67.9171068071933,45.0901426701295,40.8759871385414,20.8080371575467,64.3476007642912,6.69905740078495,110.566907734874,maize
88.8735609822318,50.5503419533141,40.8923247996216,20.4593372784831,59.4677813930753,6.43559930819813,111.551273414656,maize
86.4697497833845,43.2787825345429,30.5644423726781,25.1476897705103,61.2766139052234,6.47094833081167,90.9880773401764,maize
74.5789815739631,52.2570397785199,44.8141356184213,26.1687870063674,71.8608919330225,6.89286401257518,90.3315548833141,maize
90.5316185348349,47.5704086444203,29.8252822667478,19.5467222992083,66.7174348382826,6.12556041619999,118.623498631,maize
68.4558558875955,60.8689001043648,38.3967244780607,25.2753351029359,57.1637839182111,5.96300568848988,68.8729993015868,maize
69.5101102113305,44.1398880952689,31.4076337527519,24.1611717576912,74.8913368768484,5.59908848307053,85.2423673147533,maize
67.4482784268671,62.8138128331927,25.9949068729742,23.179567607669,65.8703641178414,5.97480893646125,110.007187849845,maize
90.4441371888128,59.0927772801801,36.0654169186323,25.4920252987612,72.4159118427969,6.005883821289,117.512913671095,maize
63.9732444118584,51.6005637993107,26.5210249654581,25.6502079328756,59.1338518933085,6.8231943695914,87.0208408436835,maize
76.5465099069041,53.251576841926,44.7872577792906,20.4676979922073,61.7725685642904,6.05287695096474,67.6033070439488,maize
70.8228689110013,55.1097527985041,28.3460254144603,28.1817330337044,72.2503403933953,5.62722968921402,94.6250101619516,maize
79.6754610816368,40.7455630906604,38.9452578192322,18.5082424322647,57.0100197298499,5.71540776952887,87.0175780481741,maize
62.3681637655795,38.4969613391426,44.6388496736245,20.8487232452485,74.4282915626784,5.78400214076229,68.3052986992082,maize
90.0524323946109,42.3299131809407,42.5182730413593,27.4544909901239,58.6785881797218,6.95553816177674,106.352652779945,maize
72.7496479883555,36.8114736405255,29.519782692436,20.4586773321306,73.9590931399535,6.56009702014741,89.4319024167172,maize
65.3106993089014,46.5790872562579,40.5171537750946,18.099342869641,60.0487217609997,6.07219758772859,96.4466749953323,maize
74.4733342782004,46.3636507193389,36.9032758343514,19.2742992980752,69.7704880008337,5.50008156988774,81.2675192119868,maize
79.6728206703778,35.222612158499,44.364957911598,22.4065662009672,58.5849974693661,6.98245020861852,91.1556547745856,maize
77.0397861567511,43.7416285596516,26.2120700726342,26.1430513282041,57.2892203658303,6.70680893455018,70.3887196399219,maize
65.2454526001799,49.1382126901942,41.7492751668902,19.8305559539378,63.7374766584195,6.93964189078642,115.586196685017,maize
89.2238321105129,41.1825438477949,29.5823006260126,26.6277418810072,71.1573940404492,6.2964655925969,83.3686471746157,maize
94.6216832821358,43.4224958105118,38.6336528200813,23.3448601073329,74.4060878918535,6.12712833919894,109.615240976967,maize
62.1184819760353,42.732237171257,41.7535185519389,27.2244574023525,69.3686241537186,6.95690619105329,102.406369728225,maize
63.7832782621418,56.4576255536906,31.593819235728,19.6557008371016,66.5385153757122,6.15144888388526,73.8418225170308,maize
96.3005840388595,57.7310010011918,44.0729055735622,21.6198068054485,55.8058623880175,6.14203306317424,105.673482839797,maize
92.0534244142721,57.1739859283781,37.9647071999333,22.4565620573501,64.1464615469549,5.69467518999925,93.6271543119229,maize
60.4255103321865,46.3676258788293,29.6636520347854,19.7298794843861,62.7290746046831,6.01933696657388,64.690455936217,maize
68.5413006919163,64.993634922427,32.676830919309,26.6213115028205,74.7698093297751,5.82949567391979,98.1608307725567,maize
79.633224392139,61.9827220854269,36.6200684065093,20.7713271988422,56.9335561161551,5.73817061643962,117.481648864914,maize
80.9219930790933,56.8411208697786,27.8750888364739,29.1601353023016,74.801270346996,5.59854395342923,75.0975863426447,maize
80.7443349905053,40.6832170280084,32.9464922416706,21.1332975640582,71.8297466807206,5.71948038540756,65.0366518949329,maize
73.4533328998151,37.8952508014139,44.8763689211925,20.2856644626174,56.7614922308184,5.72878416452035,101.638925020415,maize
90.3164881050198,52.0941119813799,36.6641588377134,18.6216318349455,59.1671651900593,5.68781630168102,78.6303000331997,maize
93.5883517906015,37.0169581901361,27.8087247641798,22.3277432584799,74.420060980795,6.40363763617521,89.2552758796398,maize
86.0353400120676,37.6828447974673,29.2829069701409,22.7566825546123,60.6105735085954,6.73982173983931,101.695448552116,maize
92.4138905258914,64.5955080164576,34.1466898979371,19.7640375894327,56.4668705134964,6.3281044719406,69.2698372384858,maize
92.116628378684,52.6155492279751,25.809437893708,18.1032383312021,55.125152692257,5.89606809611249,105.90825746111,maize
66.3293451845317,51.8163949981408,42.5641724455935,27.380463094162,73.8097020233095,6.91168215773612,100.733974799856,maize
64.8883451171631,42.7066512162362,43.009257175964,28.4458114199554,65.877903323098,6.39453440038233,101.126989331621,maize
60.2832080052622,58.3901929265774,40.881636513342,27.6905512333338,61.5194989957472,6.99858691170746,116.853896368693,maize
83.3314719532297,38.7762034096644,43.095990409188,19.6201768059377,66.4628243965389,5.73401156986785,62.2075851178763,maize
79.2018786162147,37.9989303057077,32.040841545463,29.5769449731228,61.7675938675029,6.58367546046324,89.5589922413039,maize
81.1552663991019,45.0781017868212,37.2936991007504,22.0805228911715,72.7085277613758,5.52403684380652,101.288318113092,maize
89.1851424002951,51.7061490829597,30.5303769491289,24.353380314239,74.1142676207769,6.20357119767162,107.750130560133,maize
92.3004750685303,42.391702070549,29.0211451631138,26.1633922179059,60.2997491254004,6.72635902731044,94.4968098469529,maize
77.3869221179685,64.2022730546083,37.9338104803738,22.4081265760624,70.7022745049103,6.46315974204948,98.5296997514226,maize
66.2769612140381,51.4526234457514,43.1147774113877,20.4661856733571,72.4781191989212,5.78919992725793,88.6919124092403,maize
77.7494548530082,40.3819061188874,34.3500472369371,23.2865827406228,74.6606675720125,5.88913945639,111.219494329402,maize
34.9150633811555,70.7070168250739,90.1391593577057,20.0871391939405,18.1217614887849,7.24095757596239,88.5387281042238,chickpea
44.8750996076852,58.7746204779365,82.1115682400351,17.3669611855256,19.4292657326112,7.91770303990585,68.2973012459917,chickpea
27.6884668542484,79.1998607754707,99.3174923231441,17.5015633141164,16.2435084070282,7.0459769726945,85.0446585379749,chickpea
15.2957799100763,64.2694994221765,83.098322168504,17.4090371054639,15.6574850816547,7.31763696918154,77.7321426885818,chickpea
17.3447619436052,73.3388724077208,80.993353077673,18.409770388347,17.3488782836818,7.72128859195918,95.2984934720669,chickpea
27.0794950086062,56.0281037427616,93.7479010637607,17.4907673855735,16.4068935124236,7.9696265738316,75.6172414545981,chickpea
28.9102586842655,70.5319035241994,78.3030808918658,21.845141689221,15.6505814695966,7.38398993312567,67.8423061421338,chickpea
22.3990853863764,67.3700667230273,83.5058974723825,20.045576553813,15.280695989393,7.28095370916694,84.6192834710792,chickpea
24.0125243640563,62.0408371892017,88.3905104423829,19.0535636726085,19.5399236406851,7.30875958330406,92.53033766408,chickpea
29.610047298302,56.1182151623621,94.7859539858931,18.7336562074412,15.17848668768,7.22853736496928,65.6089718456422,chickpea
47.4404598457927,60.5695912593834,75.0539796427144,21.8638457455038,14.4581023931774,7.26935477381076,86.3855212258108,chickpea
41.2326342571679,59.7952412766382,77.8194770812148,17.0057530100484,19.6018822163352,7.28256675846994,94.9456765572288,chickpea
23.3563279585709,77.4874556052906,91.82096917267,18.7234852452406,16.6420092967535,7.30512028574251,68.0669706445499,chickpea
41.5821731749839,60.3573906213778,92.1860185648249,19.389141559782,17.9652019431653,7.51676867972909,99.3002113859636,chickpea
35.1791637065723,63.5171269059727,90.5574274088989,17.3934123182639,14.9327154089383,7.06380955132833,74.9586255405837,chickpea
24.5206656491014,63.4519178296681,90.9086540415458,17.685494663513,14.0695936121371,7.94953606415053,82.7798901068884,chickpea
18.1438342775888,65.5710333611681,85.2390533128004,21.9483678536249,14.1571569490047,7.93099031733861,71.253719339731,chickpea
20.0830633799001,57.9649848132231,75.0508548110029,20.7803978257721,19.5405024753606,7.92977146288835,70.8582866708088,chickpea
15.2970808932078,62.8679610778894,87.373520928609,19.0774170416768,18.51551656449,7.63100885256706,71.0534705505955,chickpea
44.7893601189318,67.2620496723159,98.0617034589228,20.8909723394974,15.3125432428497,7.57105860047557,98.8356623094695,chickpea
34.6497528858715,55.9123151311243,80.1899529086379,19.1436797371803,16.1335053295519,7.57963087250461,88.4383388973951,chickpea
42.7009001642935,61.9469652520246,87.2038685307856,20.1733708284671,17.5146701743429,7.80132834417807,80.0961003266722,chickpea
22.7729989298494,70.506572597896,83.0650724624587,18.1601774446481,14.8042285306399,7.11715253913643,74.2235847558936,chickpea
15.8175394524902,58.5351331129368,93.0403881091813,18.2950642063725,15.9111632695008,7.33504055875123,73.354474158657,chickpea
47.6325771643932,67.1773498538776,80.2869775706376,21.0371780884625,16.1595903011782,7.2119444865789,85.4333104940286,chickpea
17.8737375549384,74.860901902365,83.183590442959,19.839164288174,16.1008435423024,7.49771279352611,72.5961807289143,chickpea
16.2893941562108,55.1696523978234,94.5202310660483,17.834038658456,18.9780830503339,7.74163914925495,87.0163611890824,chickpea
45.4576679041878,69.9966309964641,88.6539744742466,17.4235955935081,16.7234363680349,7.70320221581645,83.8322134333813,chickpea
46.3280548254624,67.1495647994567,79.2430776540391,17.1852850500426,15.4675418825203,7.43096756396395,95.0683229999004,chickpea
42.6774615574057,61.916890960148,95.680963700023,18.1292332276372,17.536303145595,7.84750828093267,69.8992613749109,chickpea
43.9039389737434,79.8814820194996,91.6050657823705,20.9194874902812,17.7166384736619,7.04649725791369,99.5281452962794,chickpea
19.7116730011588,78.520157043133,77.3051277395827,19.4442335159724,17.5604084569776,7.60966037055927,67.1749092602054,chickpea
46.0530064003789,71.633003096391,93.0679124747719,21.5301282776194,17.0524536245747,7.04574563030421,71.545682729476,chickpea
25.7958719440717,58.94051278892,88.269396190657,17.5277513831517,14.400471377373,7.35793879225754,73.611932598805,chickpea
40.5538660127455,78.8392673660253,98.5240271540936,18.2014832539491,19.3647852099337,7.48905999469061,66.5537289304443,chickpea
36.1612085677503,77.0489086918761,82.5205405161346,21.1723315786441,17.9402297474166,7.5515448039172,91.6163818243036,chickpea
34.0811708588531,56.9379499144563,88.705257670351,20.2559445212856,18.927843160428,7.796954678277,96.6244551570269,chickpea
36.3974430092599,57.6130512252511,82.995524750089,17.4032079341836,18.8105759037708,7.95295938986957,83.1080670296718,chickpea
44.3173569228115,58.3356695917135,91.9586805356474,19.7634725802408,18.1313507939369,7.74046321992784,79.1578069884134,chickpea
49.5532455479508,58.7811005854891,81.2137513101165,20.49635270587,14.723602255212,7.01774800942175,74.8917978326286,chickpea
42.4177321663209,65.5473719586373,76.7889834948764,21.2601865642984,16.9652049583221,7.4265514544335,91.7147010852186,chickpea
17.8035880242491,79.564138520306,86.3590343093309,18.2271901807874,17.3659046838833,7.34249935547938,69.1564230034856,chickpea
44.7167025970839,70.5285024040046,78.9913765988272,17.4618410884691,17.2166036289263,7.52701891145064,91.8438516449388,chickpea
41.1985347402275,70.5618599804872,82.0442949920168,21.840732461233,18.8664895039361,7.35595928102544,84.5279253109023,chickpea
47.4195890605541,62.4915063602345,98.7979590770779,20.5035340876801,18.6752400131315,7.62093306641138,93.979710842939,chickpea
38.8919509732593,61.2065412552126,80.715106849426,18.5378091212072,17.1584476126164,7.75409616984152,91.5137688985624,chickpea
20.2801434999705,60.5996462263165,82.6814119972668,17.6378717583781,16.3877831866908,7.28575382814079,69.836542950867,chickpea
33.5536374540784,57.2223747112892,90.1725580870046,19.9224988552381,16.9443745878266,7.51565560536257,66.2191974260934,chickpea
42.9797167694102,74.7446885028596,97.097270515327,20.4155962119883,14.4235530404484,7.20533645069475,70.383998963695,chickpea
38.9016850241002,67.561075232253,88.6182804655369,20.9088872256265,18.329397734408,7.29076320458705,70.8247516238246,chickpea
28.0507456083087,78.2762697494013,94.6201598363091,17.0484633469248,18.6375364496547,7.00943093561075,85.918391240257,chickpea
28.9470992558389,79.36288299475,96.0143035142749,19.0655885977045,14.4212327173079,7.41975378171529,78.8659516064757,chickpea
22.3767843085233,63.6254009900733,77.9051761622099,18.4423878544208,14.6316647662929,7.79315752619559,95.9122342038491,chickpea
31.0465938532942,63.617836334099,90.6110645460948,19.2790788101401,17.2925583148806,7.60370771242478,81.3784584758703,chickpea
40.253999391689,74.0631315317299,83.644922663758,20.3819878769023,19.9699437413225,7.97176546648693,70.5028918457697,chickpea
20.5245469466432,75.5523982506955,89.3701775415662,20.5890317818099,17.0373480185109,7.4371658910239,79.0326175135712,chickpea
43.5345277113535,56.0829670010521,81.7500380714191,17.0019336026171,18.7134960138767,7.75765849592055,81.5249007155769,chickpea
20.5099439390516,65.713104303327,87.3324968560284,20.0814441400959,16.9856340703488,7.28321478342787,97.0041517550145,chickpea
35.5218067814232,59.0090952902143,88.8469226839239,18.1208151123118,16.4343393391158,7.12971236469676,88.69309986415,chickpea
22.4196520482281,67.3693808505169,93.4180036040107,17.3760741466545,16.6879298913702,7.2389445645916,66.8522373618801,chickpea
33.3022038351289,68.5349986206437,89.2667803630544,19.995263956485,16.1359498110302,7.48227476257937,87.5120661419407,chickpea
25.5488170662657,63.8610264746756,86.3857260376149,20.8158852508366,19.0762952990254,7.99581593600838,84.7440554526374,chickpea
26.6900381197641,76.3124258077296,76.502718684032,19.4869247258114,18.1313040983543,7.24282114545015,85.00274016522,chickpea
38.1606241446736,55.5232548576422,87.3410833474906,17.5025072328292,15.8447211579628,7.72398621855489,86.1148756631254,chickpea
34.1990206107493,68.3320344674084,98.129297279813,18.6879717687555,17.1122835879737,7.41921895296276,87.2077401039227,chickpea
46.0493479557565,78.0657164929741,75.4309009180548,17.7080702160988,18.805640125091,7.27120244608782,74.9729897151575,chickpea
43.2072963417542,57.4611966463091,86.5246493073761,19.7983700334087,14.8033785721303,7.11282984032893,95.7296139284641,chickpea
37.4797370599023,71.9152849199787,89.4457471042153,20.7971881608466,19.9767405148487,7.48141420561886,95.1415796904553,chickpea
33.2164412682021,56.9256970155638,87.4637836182787,17.2426905442228,18.5497312641468,7.03991972796615,91.3497964555164,chickpea
43.7405888101741,68.2564287578019,85.6395674104055,18.6366764258764,17.4595818982737,7.92960900996328,80.6406901640076,chickpea
47.5453930406577,56.0718177659772,83.894272548563,21.4380533110528,19.8297121961739,7.28656429857321,94.9533278029195,chickpea
47.2868814958664,55.8164340401145,88.5206859971027,17.8677854881938,17.6669382693558,7.72529319241889,96.719283550847,chickpea
44.9834493664016,63.6835501755977,89.4539180395444,19.6129525609375,19.6268284840634,7.77331886895621,77.8329066875544,chickpea
44.5960272683744,67.9671172997761,77.3268983593802,17.2132573841201,15.38769630873,7.53209123598975,99.4667075315801,chickpea
34.8866750439101,55.8850818969706,80.8084680376614,19.7864972282138,15.0993249821939,7.4311121075559,89.9343440192446,chickpea
37.1808540156022,60.5514745556523,96.795674248969,17.1225235988957,15.1690994422739,7.00537862535817,85.9295597723357,chickpea
16.5529681656291,78.943097621176,96.8745252801452,17.7356608289926,15.8877592132835,7.84658608299055,98.7571394437724,chickpea
21.4020300150858,76.1856493708611,95.1186193246947,20.1939611785086,14.9377408460424,7.08022238504152,67.9493657722833,chickpea
33.3465806526815,61.5673741891828,96.1239796346631,20.7016799062033,18.5268383755008,7.87104629346684,77.4002064519563,chickpea
49.9038930004015,62.7122179594413,90.4064412998997,19.1396777393015,15.765086509178,7.19385541518864,72.8025953507994,chickpea
19.3849058679235,72.6582437905754,87.4521448102091,20.7147742014913,18.6076414615883,7.76866705472053,93.0430591027453,chickpea
34.6336275500402,60.4523730792349,97.3879827756379,21.5832809128721,18.1130309179952,7.02027337393736,78.4846450288243,chickpea
21.5792055365533,65.6898487129667,97.9626802485262,17.1346534467929,16.1053383350863,7.62814223562746,68.8342733629207,chickpea
48.5777405130573,55.6716946143059,82.1042184634619,19.2018842223109,14.805993991348,7.2436958091537,66.6490751652276,chickpea
37.7232315264285,61.4680839802456,92.9799154484551,17.1022272534213,17.9163840068115,7.74155840265637,67.0171241471624,chickpea
19.9383678123999,62.6664745144856,97.3959348850865,18.9417494870451,15.8693319819259,7.28303733341537,98.7129531026413,chickpea
16.5610015539271,78.7359968590252,95.591994966656,17.3448395479214,19.1046375171769,7.96901604066091,93.3246874638482,chickpea
45.8313169450645,72.4437610513734,85.0251214625431,21.7164568117431,17.3942790773671,7.11338062822511,70.8071653548661,chickpea
38.7811688467772,60.3479263467472,82.5644498959018,20.1680395585336,17.149827473401,7.75411382678622,96.9103960236117,chickpea
48.5780047385851,59.4080673271828,97.4052682972538,17.1638724259864,15.6722898276859,7.32764345376177,66.6408377241533,chickpea
19.2327238778736,55.5667453634398,90.9645197987391,17.196671960967,16.0706294132725,7.14632343600799,97.0167389591302,chickpea
17.709976857393,66.512223496806,84.2852233719478,18.4177970618092,15.6480786109567,7.23783964861084,91.891914581364,chickpea
34.634052100421,62.954793985912,76.9288522083912,17.4350874412037,17.7690666465876,7.89171310835132,81.1571989656227,chickpea
18.2459674348337,69.8314849891846,93.8685496425575,20.9329204237708,17.1735410397749,7.05150163082942,67.982996815342,chickpea
42.0591013445794,78.1867266694022,75.9048356096748,19.8602897412424,17.8482355213949,7.76239570684843,91.5985930671909,chickpea
38.6278219631071,74.060601663804,97.5989242538805,18.1030413867454,19.8023431533027,7.25115503987817,86.0711919893842,chickpea
41.3699839899177,78.2792265239541,83.7512124836218,18.2514573853703,17.0976450690523,7.14338518406422,78.9439526381641,chickpea
45.0345826777791,75.4764160888625,98.6439249239135,20.2526859842486,16.6155820724627,7.58524682167231,65.9867564430399,chickpea
30.0293645239572,77.0959701561816,81.3187576859811,21.0809069779147,14.5689308310714,7.82953548982252,75.6508755128136,chickpea
33.6556955583653,63.3803877622729,92.787536602834,20.1665359079682,16.8526636505745,7.00838061469066,96.0062301373138,chickpea
75.5767692884322,23.8557694544344,75.6486447624157,28.2224116442829,68.8251130812918,7.2192003986422,111.255900669496,kidneybeans
86.2090338609223,42.3754789085945,52.540482537607,15.2529865690754,80.8652401044337,6.87365966726731,232.147112000802,kidneybeans
30.8412423221586,17.2349141944362,79.5064525979135,19.1088448297739,47.9716998329254,6.96353352138006,91.5907446348997,kidneybeans
107.858526030489,62.096533017278,43.3098817236302,32.444707740771,58.9728797525041,6.09544665580403,86.2857305893142,kidneybeans
79.5953550467246,61.0837628185208,58.1889006836288,15.8166047282594,46.0752056218103,6.5250127143343,103.496280560967,kidneybeans
84.5859525374071,16.347822885191,84.2591630244903,30.9074455387459,72.6540980058043,6.87775845703564,201.137216035806,kidneybeans
67.9145319889833,67.3166159807316,71.2472446990419,18.7341071682675,46.4217545284991,6.27864896262933,129.167564473659,kidneybeans
44.4779083060463,73.1984570171677,44.950545807346,20.9659011317258,52.4476234300284,6.78044415418079,182.20831084168,kidneybeans
72.1990455464455,46.9585863300406,70.2219636622919,19.3787703683501,65.2844592138587,5.73781114362078,53.8887255098153,kidneybeans
96.6146451125921,83.544664975975,83.0273364428558,30.4622375478327,47.8445564409925,6.72524601371272,137.136108547978,kidneybeans
21.1088641365566,84.5683309410551,43.704897518598,24.0300452564983,41.9299389477493,6.45670027237232,123.882387487163,kidneybeans
113.474896295683,58.071585170958,62.9871020037621,20.5782778773356,80.8779480964308,7.09160158205386,113.746638155424,kidneybeans
104.856632251691,25.1295484300375,66.9774625878676,32.1678143074586,79.252792603454,6.75036161637416,66.0125046810194,kidneybeans
81.7365456939379,26.0425135567982,55.3503630963854,18.2753950186425,65.6488145518344,6.90236657643801,189.729762440421,kidneybeans
99.7149387559457,76.5370380070699,43.9515436715221,34.3676435944474,74.9515663506238,7.4241091040541,89.0749927559285,kidneybeans
105.787657595141,11.4235980442835,74.2754955632964,19.6745264365685,47.2842373406907,6.05548498432873,163.320713426601,kidneybeans
106.108751448853,18.268413324034,80.8017237185509,28.0695604966346,54.5397151352557,6.92992464147039,232.691827007892,kidneybeans
93.0188956824219,28.3427129771294,79.0304813413091,21.0407839277949,84.4348989401175,6.1773676558758,122.681868729499,kidneybeans
93.1572717303211,76.6908964825286,35.1412758324953,24.4582775092955,74.972508158522,6.8728821433023,68.8959108334481,kidneybeans
96.9181839548602,31.7549238082743,36.7372199901087,17.6339474425809,77.5185807549947,5.73496805142377,248.044846778756,kidneybeans
37.1324379821925,81.6593908852243,58.7265075481154,29.2082467834504,55.6347242210222,6.57325515480398,198.818367914678,kidneybeans
29.7176252909552,60.9127307175252,50.7204208270276,19.9373775184794,84.3799435367714,7.09083748030981,54.0616904544,kidneybeans
80.2429062874256,49.9097855202434,61.6440088332836,30.7851855157806,68.0516825840118,7.17993451453742,66.5238103161211,kidneybeans
38.4158769521936,54.7248225494869,68.2568712454554,22.6941018587417,66.6085639230947,6.39928383422051,59.3001917373856,kidneybeans
103.1418618947,60.3594328325053,51.5246456891879,24.7871708356716,66.886523276049,7.353780764087,157.361561170482,kidneybeans
53.3541526148814,33.2045414779356,56.4138800052059,27.8000776529313,76.0925312741159,6.77489048395068,173.223257522668,kidneybeans
39.7227072062542,72.1952628633917,30.8231499678563,30.8189176096669,80.096004917331,5.64127828932427,75.0180831016125,kidneybeans
97.3064228600387,61.535098464943,38.9706667438013,19.2075102982146,52.4882545799428,7.22877177583462,247.304778162998,kidneybeans
53.6682104196717,79.1081557744686,37.7995072364805,30.12273791019,43.9143547131281,6.82874453502183,95.8091031321367,kidneybeans
20.6916223562749,89.0808858718168,68.0257233898275,22.77485344921,79.0837761150132,6.51619170746589,96.4663827123429,kidneybeans
40.8815550528847,15.9772900892316,25.4478775199726,31.4262894710648,49.1134906882017,6.48381478850907,247.255656466473,kidneybeans
98.1619496076191,52.7813957458275,56.5631448717616,29.0055817803394,57.0551247601654,7.35030579653117,52.2544219727881,kidneybeans
118.530417959453,24.3474045090132,34.5288118810993,21.3992305316027,42.8127022356785,6.64339793340461,249.34047860994,kidneybeans
62.6204821293338,31.2735688785434,76.8706890995943,29.3014118048835,83.7882838508991,6.23727766086221,79.9652781849565,kidneybeans
98.8929712394685,47.4827732320329,43.1542245615992,15.4498794676968,65.3144480918136,7.29573047989781,158.492222395023,kidneybeans
76.9472604696393,25.4546162558043,42.2342728950243,16.499895062996,56.7615322148248,5.50046782568119,156.563147705311,kidneybeans
52.9084500358014,68.5558427025358,18.9100464544771,29.1596577568723,73.2648716160398,5.91480648723189,44.5385292333265,kidneybeans
100.916851703505,48.2821845814037,19.8146802116254,31.1204772797043,82.1378599163787,6.04405622954669,204.348253139457,kidneybeans
100.87965151336,31.2310724804323,22.4370718316348,19.5889808165789,45.5470853720545,7.0932416979192,248.464854573116,kidneybeans
26.6232781422433,25.3244803544714,62.444958094249,31.3291896303786,41.2279446242507,6.48821142455014,127.324630728608,kidneybeans
118.615985316511,81.1937588412286,32.1476741401235,28.8005200092683,65.715927423777,6.38359362766314,60.395267396418,kidneybeans
73.3971577200094,76.2407344515625,15.496139168039,19.6770721043819,47.2556014066821,5.83739760906314,245.749851025524,kidneybeans
119.000735813286,36.6737649713986,30.1529076579739,27.5229280779711,68.1626706329,7.06327589767206,199.741978808186,kidneybeans
112.779429719215,32.6253726438737,74.1881998624598,19.9841985967868,49.1625878746447,6.62474564887804,95.198860976472,kidneybeans
74.0392029350806,40.2458152688322,77.406638442728,29.2386342185729,72.0983889103394,6.71156093814017,212.831819412686,kidneybeans
78.8605321752189,75.9051497960021,23.1198504465259,22.2986366633785,77.3604085423799,6.87098081660037,97.7132369660368,kidneybeans
63.7379225360872,17.9324944726808,84.6916804926897,34.2406595401655,68.2564919992613,5.52585717664373,56.0073388908093,kidneybeans
105.813394228841,46.9052004986001,28.3219154334263,23.0290106628225,72.0610493547567,6.81031097067069,52.2567667543221,kidneybeans
80.7104827466935,41.9536848887586,45.8571249436853,22.3570397996144,79.5740795226647,7.16853720399949,248.65170504835,kidneybeans
64.9936489784129,19.2451436860697,51.5345326003314,23.9587611094856,65.3313250957668,5.81350506297942,124.294427639942,kidneybeans
70.9607689692456,18.0377796702263,33.2850199510739,30.9121164846756,44.3266393241131,6.47170230325856,142.987165084568,kidneybeans
38.3660977139911,77.9960221368801,35.1023866981745,26.5138203890593,64.724990625272,5.87325259129203,183.274198283103,kidneybeans
111.67576846279,66.0968262963448,36.7336824451264,15.0165953580367,82.7781242680634,7.02928621579394,246.115103799903,kidneybeans
62.4393311340545,64.0145434318178,84.7955890231745,34.0161462309845,78.3049812835199,6.06249078016844,247.362974471116,kidneybeans
118.359188483264,47.8938833055524,50.9866445073796,16.3000741793309,78.5279225574471,6.84964677381778,113.19051304515,kidneybeans
56.0842760354673,84.3278805512599,57.4091296235142,27.3264044580638,47.6186950167728,6.63590096828337,128.923208568675,kidneybeans
74.9470784398481,22.291129423441,70.4512679369428,21.5995950655078,69.1439037859179,6.12264292157378,151.967549082808,kidneybeans
61.4353967371562,26.9152573202342,46.2975801300712,27.2458670345349,57.6449240616732,6.33980308419084,57.8950194539013,kidneybeans
62.5290452980106,31.1307782033136,74.1358958879187,19.8985146847081,49.2072592695277,6.50594467250907,82.0145093845271,kidneybeans
57.6276735391597,71.8465625037656,50.7481117340494,28.8653635857,63.0311308931704,6.16746366893289,156.742134097378,kidneybeans
97.2111821813561,66.370917510414,41.9156681499051,30.6264130005736,48.8511680689879,6.61611328791646,223.733730657833,kidneybeans
72.1542675104711,26.3935098128363,58.4579290791684,19.0715899989342,83.6465768183798,6.40852786084103,159.539962666826,kidneybeans
46.2232824816477,15.3589307169239,46.689725006786,24.2813326647884,51.4714830166062,6.02662374848808,236.465984548659,kidneybeans
86.4963779349329,70.8836956978234,40.9976142067451,34.29397144322,42.9240166549217,5.9467495160395,76.3707502914456,kidneybeans
58.0557086495942,32.5178928033066,59.5698101793275,17.7167879523322,83.9915331844201,7.454527761766,174.87085056718,kidneybeans
70.6804247622753,15.0078994059041,73.1680891188644,18.908335996749,78.7830204161736,5.92058370281969,229.787033353833,kidneybeans
25.9215854880966,27.9176763528575,17.8942364002085,19.6936366449546,42.191878262531,6.76166234969239,63.9492212207751,kidneybeans
90.6095397335522,14.6381562597296,31.0441082231906,20.137621278473,43.1688982100081,6.74072523379732,62.5010889174887,kidneybeans
114.359027265738,11.0492045064686,72.1635454507375,17.6342895173627,55.0606848672315,6.90345695587036,69.6069736078414,kidneybeans
112.344521261912,88.7292787426753,19.7418071631071,34.8466860595377,61.4650022291881,7.35399154380615,198.640001210682,kidneybeans
20.4387891387748,59.739012443339,33.8054883381377,22.8615389335256,42.3859010275388,5.56360905899834,167.207064138356,kidneybeans
73.7075241812074,36.4038603503275,66.1011717939289,15.3253948410626,66.6644612428101,5.61830027686353,181.636954723688,kidneybeans
42.3496706794713,42.6008022355851,76.5270833585072,33.1433933219609,56.0605568792953,6.57018820618754,158.274934742728,kidneybeans
24.9483686242943,11.1480499064308,19.459162677852,25.5432602439743,62.88535180636,7.02552437853325,68.5118348749875,kidneybeans
43.9854970127277,87.8884905566873,31.9643270489594,26.4341671259302,71.6725931324403,6.21723066676279,187.358576249033,kidneybeans
63.6239297704883,86.844137011489,75.466288207316,15.3479987477642,66.485113932977,6.50280023599174,125.368156477515,kidneybeans
88.3066801951764,16.9284270363527,23.0811313670506,29.8427660552984,68.9160252776537,6.4330477988967,186.989186223126,kidneybeans
77.6605956338628,25.1025414909714,20.9615245815187,17.4019757110635,57.6355750964189,5.88442920445671,240.529883080409,kidneybeans
80.7387031711353,26.3958007546122,75.6139754134295,25.8891329871906,52.1069053104645,6.43995456441303,102.416257053807,kidneybeans
55.6442122420502,49.0135368513938,46.1192970029634,32.7741636046088,71.5240662272666,7.44550836642529,205.324055908864,kidneybeans
64.6958315301201,11.2123373156471,77.2838810096885,30.366863531697,41.5162293294055,5.81339788824012,116.947545701148,kidneybeans
112.774528587598,85.8606072123445,69.9517296603656,32.319700679425,53.3307230418225,6.37164427287488,179.282292895616,kidneybeans
98.482436332145,22.5746313913607,46.6126699520334,21.2386746826762,47.4880329018869,6.99360660160594,214.058975858641,kidneybeans
95.5604203210959,89.8312146215845,48.1060301620076,21.3903149433389,41.4140276105208,5.71858951832102,108.591182701565,kidneybeans
79.8936127311986,63.6706678446711,74.7401085774135,33.8408706890609,62.2196372306066,7.32538219346915,67.2260046178596,kidneybeans
37.3627552191553,25.6315926535202,39.6228926277826,22.1641536742282,41.5982046148731,6.67697464170725,182.724766625429,kidneybeans
45.6689919278347,16.4711380035016,62.4930130771794,34.4560810082853,41.5369815596086,6.7679425157923,160.039729410801,kidneybeans
53.0486318250413,89.4361452010629,55.3742112267642,25.6826814779465,50.1677897084354,7.4168102861926,185.184363538951,kidneybeans
21.7264033675782,43.3461152544926,46.4179200592534,15.0454229861709,42.1331883231798,5.57958440951984,109.049923298438,kidneybeans
47.7374242095917,84.5275669519452,79.6759049662742,31.0493714716515,63.5408967866287,6.56720274550244,168.351330337278,kidneybeans
116.178798422301,17.9883169420009,81.760823529568,17.617701460895,47.1242190977206,5.79842104031631,144.771999625849,kidneybeans
111.700095772604,73.5577338112321,39.2698187726875,34.9453538004054,61.3895575568963,7.01001384086442,96.3744599029303,kidneybeans
87.7931533045104,32.1324541150278,43.5536622389004,20.3563766765205,82.9428679137225,6.37658705789437,72.8363388883119,kidneybeans
97.8568467487846,82.2342543640333,39.9155574082004,34.7622294629748,64.6912802242168,6.20166517454277,245.65629220831,kidneybeans
34.9294638144455,70.362409269606,26.9234833782182,25.2204821213244,44.5166448315217,7.42084189593831,117.426650145755,kidneybeans
109.309785323827,59.8438716539386,43.2274300596805,16.3526980492066,76.4137580322166,5.88487965631526,61.0552459494468,kidneybeans
82.2354768040755,18.1692586132182,15.3502421501792,26.4416136739038,52.8153377947469,5.62071869900484,165.882968900671,kidneybeans
85.4938910461468,51.2825631169987,52.4254817829586,26.3769017212917,44.2888529711817,6.40966658522825,78.4760985143837,kidneybeans
39.6925782224594,57.823161281563,24.9941519927206,27.1924172771128,75.9270069799046,6.53919721350036,201.218327112132,kidneybeans
23.9941556770327,24.1100975936791,49.0370508767837,22.4990723223887,75.7563687608374,7.29950295006833,204.815072759434,kidneybeans
85.3607280763615,10.3728367762514,29.0128751955986,17.9018266140026,51.06341653553,5.61220088513205,72.804876883889,pigeonpeas
100.081244688519,38.074646009167,44.1221552617485,20.2781966353199,53.0712956996035,6.25974593626323,143.814702813427,pigeonpeas
43.8498076907591,60.854858966011,80.9525314001145,15.1012408268178,62.7514444909764,5.87095763458449,186.196134912873,pigeonpeas
22.5258879654696,30.8380320765255,47.0609827023283,15.2163338010275,70.2778549633351,6.16511351273633,162.30677436679,pigeonpeas
112.573951274424,51.5007900267377,28.7988947303029,24.8039862372931,47.2273543510713,7.12921805848797,40.2796422365492,pigeonpeas
71.1371579259341,36.7572646712685,44.6627628755117,31.9890828602896,57.9429782521645,5.55401163457614,123.183800421275,pigeonpeas
44.6856440904949,68.1394248353967,39.199772246275,25.158093902356,46.2876537378354,6.04670118379719,208.303130771175,pigeonpeas
74.0690482845851,53.5251651161933,40.8924102344981,20.7799663421605,72.1422695983864,5.6773232175863,171.953164232873,pigeonpeas
94.4185058746573,69.3735914208803,24.3992248454128,26.4602495876421,72.5594658789036,6.64760097635333,223.7653161696,pigeonpeas
103.217319978037,27.5122977502236,69.1597363930939,17.5973072660143,65.4368772499435,6.48604819597027,192.696564506132,pigeonpeas
50.1219928684281,51.4740211709747,25.8925528828486,17.1370961061386,47.1312850001879,6.10011747134855,203.464512137447,pigeonpeas
73.3732590514111,18.9842405212038,50.2038396453503,25.6623116557776,42.6642774011308,7.06193946281538,120.860296278661,pigeonpeas
117.469531138181,76.178839423777,29.0840696329642,23.9267043345267,72.6676339202875,6.24596645717787,201.109169307681,pigeonpeas
79.2295915629852,33.1583291772559,34.3509164542663,28.5037832770049,60.3942398100133,6.54208080239691,127.083480636162,pigeonpeas
70.7839088564664,55.7600409750641,41.4627532271961,26.4892339946186,75.1146922261057,5.64863396442897,90.2888163739298,pigeonpeas
22.5639299315232,27.1426941161708,27.7500458260766,26.1159931547549,75.4871292903494,7.19989192471834,84.1950183288171,pigeonpeas
82.9866886245956,60.5090116572143,17.7927827615257,28.2867504345657,75.6773840546037,6.48004780848513,220.070356563698,pigeonpeas
59.1668229080582,55.8007620115768,62.8471102602068,31.786330368736,45.401839122829,7.41987995427096,188.87404274143,pigeonpeas
42.8946149921485,80.3332987755226,45.2165949019681,29.1053534178554,75.0558250514119,6.22743839525033,45.4376354093839,pigeonpeas
74.0302494326747,19.9898130493191,82.1057718140566,20.5775934111223,71.7993737136942,5.79115695147363,239.30176253398,pigeonpeas
81.2951816345077,11.5245986364431,77.3374891292013,33.7468909466392,63.5366769803393,6.61346810456061,242.110096170618,pigeonpeas
85.811646900052,28.923581363132,15.759614948537,28.2074914468487,41.3957423630151,6.61441070545204,64.3958804916571,pigeonpeas
119.949098704359,65.5607348194163,66.4601626905893,28.2057124903452,45.1469652285552,6.56109308221428,207.305561372687,pigeonpeas
53.5117441758103,70.0382296275525,74.5372390791482,15.1916907728611,61.8802044130304,5.86911793256603,58.8085223030339,pigeonpeas
70.6489982598689,16.4994410828219,41.9820495820521,16.7235601515153,55.5000442827586,7.31684375266398,203.530446674456,pigeonpeas
75.3452042189172,73.4395670068635,78.1380379773388,26.9400720633287,58.1442666184829,6.99298996734106,159.874232993403,pigeonpeas
84.2621467654883,43.6651199467783,18.1425168985233,29.9600367503986,76.2931230204614,7.31944528493073,153.570416529463,pigeonpeas
63.0363477873785,27.8806961411055,58.3015832227196,26.845514882284,67.6764370583354,5.80472572534565,98.3452186632646,pigeonpeas
46.8579612611132,13.2002857714893,79.9432006082233,15.7362100299151,56.7478788698781,7.24572927492938,71.8415621443845,pigeonpeas
35.5301753503877,60.0315032759828,55.1937595336669,28.7314213690029,69.1952564377316,6.17490889349715,133.668178419428,pigeonpeas
110.151459765691,76.6538568151434,19.4297414945577,29.2234216044766,75.2823200846474,5.95172693694556,185.424154561676,pigeonpeas
52.9663871009678,74.4511110635712,33.3107890786188,28.5942583966974,52.3676345717942,6.5975057692721,55.9865659922299,pigeonpeas
105.773431177146,71.3491044106656,49.5731584423097,29.5882698775214,74.0226556146623,6.50176407629706,99.8232102113884,pigeonpeas
95.2991015442177,87.9369569932748,54.2135171169478,15.6206167771577,79.313365579263,6.33840638903827,142.337139971711,pigeonpeas
99.5420208384944,47.6557227026931,19.3001538348851,18.1546073701021,65.7520688072555,5.68954512485747,151.058264845544,pigeonpeas
59.0335491574526,54.4249619750422,76.6773264723259,31.6196075438613,81.692472739002,6.67067680096751,237.172305736305,pigeonpeas
43.4364683848976,63.2941846052623,39.996830716262,16.9467752435928,54.5850288772886,5.65099996335385,102.489162763808,pigeonpeas
105.852998581646,16.4235441044083,82.001030220185,32.8544892546975,77.645758387002,5.82233303055276,71.189952265094,pigeonpeas
105.896124777336,50.2471135744113,62.6098168956162,33.2084242246153,76.2997123279142,5.91035251990443,152.191169151194,pigeonpeas
53.4942354510977,26.0121545642671,51.5387785930833,29.0513625620172,60.4291144993292,6.59455524901606,138.153752241355,pigeonpeas
41.1551780445293,59.0238079656958,77.8903181678105,31.5911923891824,81.1994636949149,6.19191337595317,148.911529634572,pigeonpeas
50.8034654850156,26.2476416007837,80.3584453674771,25.9903718675442,55.4666445778993,5.87950454483717,236.746946739381,pigeonpeas
59.040223247856,18.3418555596573,33.5504134039164,29.7139157423349,82.0122721218561,6.26065059600428,151.588591198245,pigeonpeas
25.2223105007886,26.077153801954,79.4391416173611,17.3967824049279,57.1072963239193,6.30934415795344,228.87868916098,pigeonpeas
66.602537551244,76.80920242649,42.6339443855146,32.4026286124264,63.7700060726004,7.16033724307098,175.865423127946,pigeonpeas
66.7496701733906,14.6979566312851,19.4215390293028,33.4205754187054,76.6844422284907,6.75979450124306,155.694584513872,pigeonpeas
49.9993399670344,69.7158531750161,40.2631832497489,24.2591412222288,40.6940794390133,6.69470688011251,238.353425626808,pigeonpeas
29.5878737557623,30.5581316447622,82.6810638688882,25.4074855010991,47.512854692765,7.37204915279152,73.4590218418553,pigeonpeas
61.1833177046773,88.2299160576565,64.6804349448906,25.7076299426647,82.3578074049939,6.73840800451041,216.82194866092,pigeonpeas
56.7980489678672,53.1137154079572,62.5571013929123,31.3096171134662,56.1812642897392,6.07982403439461,233.810161456377,pigeonpeas
24.5548736604652,26.1472849995584,72.0266911327032,17.3679243970513,73.7692621321274,7.46089530175593,197.968238120884,pigeonpeas
65.4516257836724,54.7725238486996,60.9817441394468,22.2947630599582,76.329338751421,7.40976441461116,117.730793970512,pigeonpeas
77.8138384771598,44.231863447573,39.4830008896454,22.2254006132602,80.2364820312878,6.47529905986753,51.689340184298,pigeonpeas
28.0850507170358,38.2755475250425,41.9953091661424,32.4785043659986,40.4811961764848,6.91783462717097,235.722711098251,pigeonpeas
40.7526722088236,64.5212364078133,60.3233343806692,28.1168067330107,53.8348640286526,5.54326918257553,50.5693002001239,pigeonpeas
25.5135583065048,22.1764259842115,43.1384638641674,23.3304855825056,83.0009616483007,6.31419794019973,241.03655303411,pigeonpeas
61.821740261196,14.2270752062216,26.9450340894726,17.679319401588,69.894480772733,6.4437252827658,205.866842030486,pigeonpeas
31.1023149504803,36.3704005751621,46.7947577507211,24.3087921148673,76.1018119268593,7.23448401211504,242.586628181202,pigeonpeas
104.839671843145,44.3215793903552,32.1129701086846,29.7946959802856,52.2188651781617,7.14043359069174,91.8678025071825,pigeonpeas
107.814109301108,10.7524682957458,64.6228471443164,24.9975443212304,81.9961427208018,6.13963327400369,149.830588358376,pigeonpeas
47.5692968292019,85.8223280291177,81.1322026076411,33.7713423924387,43.6247751925256,5.69669321095417,179.152951957263,pigeonpeas
50.0605903985261,27.2003143733369,66.797147375437,21.9274290683341,50.6674602491164,5.7843416101692,60.2657502425209,pigeonpeas
55.1885447908139,25.4612304342264,28.3280511635021,25.1035787119081,46.9476663353609,5.67126354303735,83.4151615730557,pigeonpeas
92.3185582423203,22.6005642919804,62.3752636077699,28.6809317645062,66.4096978639298,6.92065476692312,153.416025016185,pigeonpeas
24.3432586380948,46.9396422230357,59.3862127812515,29.6214835786361,46.8420701971474,6.03367860640105,215.419338054685,pigeonpeas
58.1850906825555,50.7572058778057,51.8810740284999,29.4342385485928,74.6002930261196,6.10413024975179,155.036071033699,pigeonpeas
41.4015812712729,50.3609402665687,42.5354341918302,15.6895133017979,70.5120695617572,5.80097192633011,150.513685471617,pigeonpeas
101.614047326899,51.4797668352163,84.628879632628,30.5771006157515,50.5383189467426,6.1325278741459,156.026551032451,pigeonpeas
99.0272046714216,31.4365017141385,32.8164371977637,24.8733677015981,57.4608649906986,5.74511358991503,94.0063966969058,pigeonpeas
95.3258401878764,18.469639536212,58.0708092139432,16.7001733564307,79.3899175847833,6.0223467827413,243.707253627343,pigeonpeas
88.3800306955259,63.0822595828596,69.8426905716037,22.7099436929961,75.2604990989252,6.81789610037482,146.9256516392,pigeonpeas
85.2995300317647,32.6740907610739,60.4699646194791,33.1767236898545,65.1928639133428,5.52764132899588,87.7313437535108,pigeonpeas
114.324844234774,61.1512378841412,81.655340370096,33.3572227779577,82.7758914757408,6.06564559068794,164.231560623381,pigeonpeas
44.1508802045839,31.7881563779843,30.9630479644812,22.6175235712982,48.0778748463271,6.08123499368375,136.759056275133,pigeonpeas
59.8641259129458,72.2452856890137,81.4626898087853,31.0542897675439,80.0190657307483,6.61244220804071,67.7914349258837,pigeonpeas
105.496884065446,26.8985017840278,42.5350492296438,24.0123643768078,69.5792149098493,5.58667523231668,68.8281167432797,pigeonpeas
118.453013691331,58.3959686608966,55.9382540411028,31.5635560343804,44.893125870681,5.55976240898471,210.102091501514,pigeonpeas
66.6480020650886,63.046250107254,26.7003270246556,33.49512271513,84.0257768212006,6.25691136194249,132.881216030978,pigeonpeas
59.1176290060941,54.4338772652829,15.3234704259427,27.081166334488,56.5748749005491,5.59682471775302,93.4143486495197,pigeonpeas
70.5360063400753,66.0083140693644,22.428518728087,28.410576970042,60.5919802214913,5.68990389359645,58.5387163555896,pigeonpeas
62.8159201251417,54.7089041605168,47.7070044040247,20.8651895848406,50.7768330633532,6.40860422742954,93.9655196778316,pigeonpeas
86.7402346463596,61.4569073410038,53.6888863792126,16.415443989176,51.7331331557283,6.80149490260589,235.7538600805,pigeonpeas
31.4987944771996,72.5855574675768,76.4570846834486,33.2192395153545,47.9994440372099,6.88009732280862,137.396435624639,pigeonpeas
85.5807806484312,41.0989472042299,74.259193148119,20.7797066708001,84.7716365776824,7.26584541041676,140.625715437637,pigeonpeas
110.484568239415,48.2968403577324,26.0354267251843,28.0227313996399,82.071816596236,6.94346071567548,48.0473720738885,pigeonpeas
30.4216824334216,65.9923687092924,59.2047659560129,29.7773083368211,81.5869105265415,5.87062567955378,191.992528155443,pigeonpeas
111.221212405349,46.1538103391201,52.330028208592,17.1518852199204,57.8949208408105,6.14438560541923,121.978144912039,pigeonpeas
111.778445752234,28.2530674795867,68.1696810914062,20.5966827485695,58.220647842726,6.74897410219953,202.193792901092,pigeonpeas
37.0124461953586,59.6546414353208,15.2991901991419,19.8911984380759,65.7120733827874,7.05561718323995,200.136899454583,pigeonpeas
36.4500837290893,41.603953890318,44.3744940633767,21.5161406931077,81.8057692059343,7.28768083815821,42.2619352919338,pigeonpeas
28.2414859478555,29.7169356884979,27.046759124867,20.0722371158526,62.713111973234,6.98003721399235,196.155093310473,pigeonpeas
113.681421081387,35.0619027880309,27.697375078079,26.9452069941653,65.2328456124444,5.6775959097676,247.28285722308,pigeonpeas
45.0547160976821,41.8465664386035,40.9911702787463,25.6005194460044,44.3759488032087,6.03193884926473,236.159396099932,pigeonpeas
27.9221590924646,60.1778008649954,49.601384645608,22.0554831750018,58.3376911670611,7.42243455905581,197.019370220145,pigeonpeas
25.6873205610026,19.0920390231032,69.7251058438444,24.3729562821672,59.2758572633731,6.25920199638195,215.427615589196,pigeonpeas
118.170164738861,56.9976251046162,16.835559714509,33.0033492753298,79.8010799846617,5.55751142467256,88.99515273934,pigeonpeas
50.7409233091124,75.8306458526434,60.3109700536872,15.2129901201525,71.005478653128,7.05099087839527,231.930272025955,pigeonpeas
119.696734314643,13.8666557538633,70.7046743648614,31.6354757345447,68.2541947501033,5.6533575161143,40.670586396321,pigeonpeas
81.9239185293782,64.2232851191532,78.058638792978,16.9446314694102,75.0460597360721,7.49176879133646,224.787611092808,pigeonpeas
39.9623297061596,41.9683076962681,24.0028774919933,17.647550377365,71.9138630511769,5.80338325365604,96.4575578535244,pigeonpeas
101.061176667484,37.606412073414,59.0900955973613,19.2554972526876,50.6746170533237,6.90156422248183,202.08059514504,mothbeans
100.43394376544,77.760473819338,38.9487256919726,29.3698722284147,48.3574828148622,7.16751522089705,52.5802311173548,mothbeans
26.5317290865498,88.8804931188377,59.5811819166789,31.0096277836755,53.6315008060222,7.16435265897976,116.117117039914,mothbeans
110.967924981829,20.030766767464,71.2055123207185,17.1133423327065,41.4792092500623,6.20673849187174,62.6350465662009,mothbeans
62.3279226954691,51.4949629276502,76.4790390997562,34.5962736008671,68.0711715566326,6.79021632545172,79.1346710590341,mothbeans
90.3253046005617,23.2738043057145,58.3299246864998,22.8131456430131,56.9153491067306,5.96276182144078,211.12894700427,mothbeans
103.078514124769,54.6970435440061,41.5116573434843,26.86158974276,47.2957053348868,7.1400702854805,68.2042613011805,mothbeans
61.359768221788,49.3390806575022,38.2327290779132,23.1254943311799,54.3781883802163,7.31276610298677,229.195828539876,mothbeans
41.9695566324375,76.1538094590203,22.4975422199338,19.0868479125606,55.6335789387271,6.82805284360799,120.022644246939,mothbeans
52.8318886146098,47.1082132482474,66.7075951964164,26.2383605592131,48.4892251475198,7.24710057198401,116.033491420575,mothbeans
102.008361016404,11.4300082630618,43.6876874923183,33.5405118663518,67.0357938446271,6.59512542891089,56.5677627998254,mothbeans
76.6671540293224,43.9358342596962,50.8811340648127,32.4148906289669,64.0000346438028,7.44695985966686,42.0331243947303,mothbeans
22.694852837685,53.710068596392,55.1477274439054,21.0857703006294,73.2426300054615,6.07084611923008,141.547070733061,mothbeans
53.8999935583677,50.951294247504,28.0420420565838,15.5696756302238,65.5309520012378,6.36767907387935,145.517913571334,mothbeans
29.4860378696984,61.2046424537919,17.1813021424139,34.4695467499409,82.5918185536711,7.04448352267243,164.637955131306,mothbeans
67.3863404930506,83.7657618121085,48.5474386268982,29.374397571373,56.1469151667072,7.14407681657191,177.135045466542,mothbeans
60.2724689991551,57.5616093201384,38.3518504925779,31.2815752421886,71.0745921386753,6.2427573319258,103.287775131542,mothbeans
111.747680814819,23.2112774314411,33.034065905043,23.9984867298037,66.4657251869634,7.25701353035728,141.027571661876,mothbeans
70.5983925194472,27.8807376408394,77.8979268264482,15.6688185970619,45.1175429882098,6.65285570693801,139.08034393521,mothbeans
98.4139897573804,48.5140936255986,77.8087035765912,26.7369849289474,49.0557175823747,6.33233494536594,156.147875923732,mothbeans
82.4303834803544,17.5431872194368,55.9898045523976,22.5980954838908,60.8523093098087,7.16106690730018,236.617801574347,mothbeans
111.737106159207,78.2173617874353,30.0083513581233,32.5361599389166,42.8107391939549,5.90219179466469,77.2505498152462,mothbeans
67.4917062779384,71.8825556998526,51.64871007048,22.1671526074257,80.2180748270909,5.72486079494695,243.254690744567,mothbeans
89.8562802140863,56.4565849148001,62.9695264100887,19.9019431904433,51.0524749667628,5.86242572886982,169.902806407727,mothbeans
31.3093946181747,44.9064536182706,30.9060660963441,24.7861664694669,82.9845036975967,6.99657046864581,101.566324402376,mothbeans
27.0851127650054,63.764870117309,19.9013693606953,17.4948515009577,42.1587990187848,6.58961685797647,163.608701356504,mothbeans
57.0792198167551,64.7309433923713,25.9643053035086,16.02524613078,56.8899380261497,6.0888551820949,104.936795306828,mothbeans
90.7894224071826,39.8971354355557,30.9944131253261,21.1500634467928,53.6681683844273,6.67041128742062,234.405616859163,mothbeans
71.358252880796,82.0231750197817,24.4365330270662,19.3554819302426,69.219426514683,6.13538090634876,208.898194236168,mothbeans
61.6386352114559,88.9740402991763,42.1249771430739,17.1449935539369,60.3764798354248,7.26842119440829,124.853846377159,mothbeans
30.1471069781795,46.2826750968968,31.3530538726379,31.9152336925805,65.5429885818357,6.25853323226726,108.831826834395,mothbeans
109.657051903036,52.291681264663,28.5684397088217,32.4055719736058,79.9053373024358,6.11872391524665,125.091941643083,mothbeans
26.2616477283936,89.8990319668776,27.7263605793595,28.0294823614086,47.3385815775667,6.23486388136394,157.02640575684,mothbeans
97.1771188719092,84.8169558098619,78.4877934975027,22.9730544462675,50.2203089116236,7.06867149638416,240.425227671128,mothbeans
89.6961288664938,71.5306607547825,81.0808840189506,33.4504258625444,58.4597647229488,7.31031379933018,167.348862400907,mothbeans
112.018075423324,89.5901248602151,47.3219041397431,29.7223021344851,49.2672562409506,6.69594085737874,169.572522053296,mothbeans
57.1643671938984,85.2778209351366,39.3246848482288,30.2507063165543,40.3747822997974,6.2981547866008,114.291673714431,mothbeans
118.843760415373,26.4555617871022,46.9042891738491,20.7946214479369,63.2550395434979,7.19359467257447,109.236975023168,mothbeans
71.8321491087937,36.1317261430117,46.2976273620956,21.8100798534276,66.7718890573698,6.24672951584064,81.9179383767387,mothbeans
95.9512756373506,29.9857779312813,81.3430113887149,24.5313655908831,58.1892276081206,7.09755313563978,69.9115018406471,mothbeans
20.3861338833282,67.6050930738473,79.0751307942323,34.1428112607183,74.6257680396669,7.38051317812899,124.026778523823,mothbeans
119.423918593407,54.7578384563131,59.528218453996,19.3757896052561,57.3366259701255,6.70127194244474,188.789973747353,mothbeans
76.3438737096004,49.0589655372589,59.2953154511262,32.8687667464226,42.6261803520034,6.05344654645466,124.390445260513,mothbeans
86.8229983965042,11.1706020315972,42.6927779837012,27.2201631927025,50.1072551846072,6.33480555882436,168.54749226875,mothbeans
89.1150537548191,41.9790553823016,35.0176925398492,27.0824687518563,67.013537146623,5.92266830355985,246.761015717295,mothbeans
68.5630858915686,53.2333238624191,38.2813356552652,29.9463428905915,80.7943336250234,7.35914472856519,150.057284082313,mothbeans
96.7173596083733,74.8793244663995,23.5200158686005,19.1934502609975,74.7727954014078,6.48217109170843,81.1755440482756,mothbeans
96.158515492528,35.1973667858156,55.8190959556117,21.9169098916077,63.4923982566653,6.9811529198108,110.48258452233,mothbeans
90.5431138028126,51.5798317834641,39.2292682380552,25.897116824471,63.5284214343542,7.07599320242926,103.648616161034,mothbeans
35.9734788425143,38.0120296161678,58.026622986899,30.6991505882233,57.5185818749101,6.94789483838151,56.3396544178667,mothbeans
114.78205209355,34.0159769095555,25.2284834954089,18.0363763231022,55.621790902513,7.25555391598286,229.221841455075,mothbeans
40.3640969564971,31.9117281315437,43.0934952609676,24.037537681422,81.6842755101082,6.33211379257595,235.208730350811,mothbeans
28.4771107456075,66.2269675248428,33.0794560108704,16.564950617759,61.1840961343535,6.79788982090442,203.841941386388,mothbeans
22.0668650986938,88.9166484768114,29.1722912314219,22.6737387514085,46.3709093380584,5.94198731353599,167.562149608304,mothbeans
66.0841185627897,50.5638775790873,44.7300488547096,22.6685393451101,74.5212156998558,5.73653228219437,210.890573137854,mothbeans
21.4767373453252,44.9606999545175,28.5818674897691,18.4980477129566,78.8259775861287,6.36914993397386,145.375935377263,mothbeans
44.5851295649005,85.5837405452429,21.5085270006715,26.9307315218871,56.7372867216995,6.24704653152593,55.7423730035044,mothbeans
84.7313276141562,38.5110479726042,64.4696998966251,33.3708825513585,43.3751128932345,6.09521631458551,234.701892689197,mothbeans
51.3741605409301,85.4927911588423,68.7692315009279,19.1115029175354,69.5552485550545,6.08723516044544,195.987954626786,mothbeans
96.6848131905705,88.1296530357234,19.7914941770916,18.18358213789,53.4005839835855,5.73160149726626,54.7007841405928,mothbeans
46.5828344629066,15.1401011669729,78.2341601668085,27.159163799211,49.6466474559375,6.05681910484881,202.711644620966,mothbeans
24.1661349144607,18.7585876922862,70.1005253033249,30.3927211628262,78.1361675952264,6.56495025337904,210.84086099213,mothbeans
35.0660370081039,67.4403988092395,47.5417987781306,28.8427123584983,76.9296092711993,7.27322552808245,187.21541128923,mothbeans
69.334885994594,44.071583987247,82.8529067839742,19.1203240138108,46.3430824043895,7.01798076905216,140.590664386093,mothbeans
116.817609386899,11.9623232269484,45.61502284399,16.4829789947173,51.5975132708426,5.50991989393249,120.111835617624,mothbeans
49.2136835070391,74.2691882626476,36.7410156325163,32.2126513054653,40.8639372190758,5.80466902922125,97.1368538155858,mothbeans
103.417754333195,88.4785213686891,45.5157361414822,31.1862582043681,74.2514104089939,7.35854374890148,169.39942998318,mothbeans
45.861567783105,58.2853661702412,47.6930442278707,24.5426554277272,50.3134593066356,6.23795593191774,202.220691783456,mothbeans
83.8356464746574,84.7214324375249,43.1359392489008,16.4682511340213,63.3738625554246,6.09162838318927,55.4319036078788,mothbeans
28.4953305816722,37.983431382097,63.6840975883808,26.7949574775039,63.7381830875474,6.36408595594768,220.289942352236,mothbeans
111.46401318324,22.3437521664164,73.2052136856155,31.0291875787215,73.042521224377,6.35789102355851,178.425976488938,mothbeans
64.4913282731973,52.671052162848,42.7692303330494,22.5962986646203,77.3373329533904,7.22563080383727,189.007687367968,mothbeans
62.096196320884,87.6251184184221,56.7911324844654,15.5706906507587,68.6191891453318,6.71801089365874,177.293877768001,mothbeans
106.934694781403,82.6915158669891,70.105400600054,24.9955887394005,78.5434145357196,5.89719000197816,197.337089878198,mothbeans
83.1188624832401,69.2361583464016,30.3695525440246,19.6725454761985,62.3753003414605,7.01532845362803,112.234864659717,mothbeans
64.927017504781,60.8432349054344,62.2971374715199,24.8981947032261,82.3014604380827,5.72661633613827,80.6230682230662,mothbeans
60.0629753433461,10.4190959038302,63.5518336429036,28.7940131564597,59.48494553542,6.22784967847534,179.438181947655,mothbeans
57.9478912045937,17.8776744044748,54.2849338936084,32.830663974318,77.0366889015011,5.90948632937366,49.5115686438566,mothbeans
44.5652953742842,13.542643526356,36.1175959376235,32.5551585282922,50.3657729855579,7.31989415819752,210.88217815891,mothbeans
99.293617270558,24.1710603303141,25.2331361594764,21.6497922719688,44.7318028797078,6.23116974007858,244.055275513816,mothbeans
53.4773543912346,83.7074228719377,52.3537358163641,28.9189905365552,62.3063775442105,6.42067437661843,138.43061081992,mothbeans
110.340524953949,17.4897908081719,71.705514540293,23.4704306667999,77.5601572788135,5.6704657898147,92.8590396851576,mothbeans
84.1981049274086,62.6681356004757,38.9465852565815,28.4838273066486,64.8814477957233,6.09736472396057,82.7596164740434,mothbeans
79.125739223848,39.9194760387388,58.2006266122687,29.1936388677888,49.151249003667,6.25943704823006,167.615651952855,mothbeans
102.810044466895,53.7927971239168,40.004773095718,21.5569522914276,84.925298613927,6.8845991088937,49.388127308054,mothbeans
37.7128144156713,12.2070835168506,28.69085703217,21.5468050476847,73.4982689369928,6.65315197927558,111.872017882705,mothbeans
115.06606589773,49.3280930255205,46.7965475152231,22.9136069807753,77.1121382886135,6.62402989022621,71.7005759206137,mothbeans
71.8786559122981,74.3274867461657,61.0808773786206,26.0446022595487,43.0106128626553,7.03614913371212,196.138391851512,mothbeans
74.7349335414986,83.3178390903947,84.0387308406824,20.8467237957971,43.6278398887384,7.22204722730538,55.8140090228124,mothbeans
74.6212421053188,46.2294187938,21.6971743138028,31.7266038510607,57.6820003207224,5.91400868930575,137.619110074648,mothbeans
83.0763151045313,21.7208322564703,39.2795779063737,31.1703017149914,72.4947867554123,7.22273903420323,174.525313984847,mothbeans
108.239228766523,23.0332332537664,36.9801116045472,22.5729380955794,76.7966610550865,6.41347691459278,104.955915964654,mothbeans
94.3316379721889,65.9130236766827,69.2932251115764,33.6287492227874,81.5901244415856,6.10237843291945,172.253549835763,mothbeans
31.1115555330699,26.7452870759858,17.4502843816067,28.2757462436686,72.1998569193295,6.03388579866564,124.934129964064,mothbeans
23.8733427896506,38.6849979444803,54.1545109540012,23.6356168746183,55.9754770207105,6.87220443662824,226.48491569631,mothbeans
85.7583181121193,34.9157708254251,67.0600519059506,21.8959227143302,80.8017272389502,5.70583883682538,179.640980027449,mothbeans
95.3557572957854,63.7812791270117,78.958249950762,20.2583017038453,58.1928320360337,7.03198183864913,208.608168679573,mothbeans
95.3954938963966,35.6045133739731,78.3424911989563,24.3741670573941,80.7616807686918,7.17014819275129,149.125995100069,mothbeans
113.719431475606,34.9477640283051,25.1309441496297,15.1310799271479,66.7491977995956,5.97229699067413,217.168360551432,mothbeans
100.435294136608,70.3721150291954,81.2806242733638,24.2538595708338,74.678630754202,6.3425809549366,58.0039717061464,mothbeans
58.7465660640721,12.5521979492866,56.0648927796003,15.3503987567268,48.9221409121166,7.42964352198394,115.087176298298,mungbean
73.7050099362177,19.7051822066797,43.0610558893816,21.2253443925759,62.5428391003715,6.70310439318563,99.8034826758334,mungbean
23.850605713134,62.3565940057657,82.4150743602845,23.9839094453416,78.2962654872314,6.23675162472611,191.281661936679,mungbean
119.9600084964,57.9189802929382,38.6769497551382,21.2455686397131,79.0046915384031,7.14259637596207,239.332972634273,mungbean
111.76145512227,87.3458579170265,71.0155474655403,27.6729783474808,55.5115198835319,6.9343256854612,116.962748447881,mungbean
48.8153942808581,35.460112479264,46.5831890523355,29.1509066029223,79.1613550922654,5.82417922668354,124.030285232715,mungbean
39.0532272770317,69.5084437259978,63.6700743710017,16.8694927552107,68.5568334434912,6.61776074167237,200.827845689295,mungbean
30.0194012792871,88.7034856149477,15.9448254392225,33.3921623408758,42.3811599297361,6.23068866447112,121.451770892111,mungbean
63.2915220704356,29.8719348850995,64.3669054095479,21.6299774994282,46.4585607854922,6.31670670156214,170.081465109289,mungbean
35.4491553620664,58.0520096272472,62.4332811578332,18.1250307630398,79.7975209237996,7.33657842121859,197.573944007779,mungbean
53.6206019081271,50.9507260662274,66.9155099484676,34.615515731096,49.2828789559579,6.14048930194252,209.904240560673,mungbean
105.513170708675,61.4364290104417,30.3162655957585,19.6434924866275,51.8088017715182,5.86671549471408,211.658313070265,mungbean
118.302965377599,72.9379680300774,64.9828560231174,20.8357155350203,55.8318329722769,7.45724740529305,219.600131641887,mungbean
26.9852219927056,69.6757527346144,41.3232518622294,29.5345752474547,73.9181318152315,7.06141733450881,47.5685510214272,mungbean
34.3205426234382,11.4134779579069,80.6056169725981,30.0041388976407,68.82660221021,5.53098953982396,200.437478679436,mungbean
67.1909494359004,31.7477891322914,80.7182631342291,31.9325693216792,42.0294856568936,6.65759552696608,161.334537859696,mungbean
80.5443823433222,48.9150169300451,21.9526975448023,32.6221151173218,50.1248021540813,7.10403001941928,76.0069989673826,mungbean
101.392551996462,87.0862001539609,75.5126032980683,25.6514168673434,82.2849478583247,7.29022678443707,95.9342978223852,mungbean
96.5937166645162,39.2482949557008,32.7832916927446,24.0509987292117,64.2791192672584,7.04605418608806,189.504518978998,mungbean
82.5286888156685,32.5264555693262,48.7377375614539,27.4365331383592,47.5538339850278,5.60686508943646,147.335233477566,mungbean
71.4877236222326,72.0166775873008,46.1610117466939,21.1343765846148,57.9921672623568,6.05491041697325,137.525763263705,mungbean
45.9509197557117,32.1377763627739,74.1936104554653,25.5748131827334,84.0412145895144,7.22915763860995,109.148780316649,mungbean
25.4090972549324,15.8205870566054,30.2345271060404,29.0185130452823,45.4171619962049,6.49526838911477,188.254188819907,mungbean
110.624367720738,64.7828245045537,42.5854970736362,25.111273950949,76.2596801697554,7.23171446553046,245.832956408073,mungbean
40.4857017008987,59.3885256952553,33.149536926369,16.1426525195794,73.6862109246134,6.8206834808554,102.800139585882,mungbean
38.8369032083251,43.5446760587137,30.8096409895502,25.7967913759857,67.794618267936,7.10389080532076,146.34987350849,mungbean
28.8881482411586,42.6739214140335,79.6666494126742,26.2168465234418,80.8801723182575,6.26529274916523,159.951142277546,mungbean
40.8823356409009,31.1465262347583,79.4630703257691,15.9496319950324,65.0109257572381,7.11029566340628,167.813047393138,mungbean
29.0423163534339,14.0863024834945,71.0808592178304,26.8811053744895,58.5219089074628,6.46850292243459,51.4769579151072,mungbean
85.9365633343982,56.9075126046815,48.0125623210392,19.6022238510671,49.1906685494774,5.56046324505492,221.801607497875,mungbean
85.3448887473647,89.3427269902745,26.2760258425381,25.0544638792306,71.3059956353651,5.89908871725159,211.646060907117,mungbean
47.6361288631503,47.6215401839565,81.1304959962752,32.9464479339991,61.7444886182176,6.31792203933835,249.167068725995,mungbean
55.3024993256212,37.0702475435428,15.6755718359144,18.8556822966112,78.4837258926051,6.88082944945471,60.5686323952715,mungbean
56.8229669690239,43.9757505962512,81.2049010052368,19.1212041602103,54.2962273649388,6.40355157707983,130.198328304197,mungbean
102.20801101169,46.1760995332972,38.1511793533113,29.0842238972356,55.8586638424819,6.91094795028258,156.628638476426,mungbean
47.2547490556048,70.7851936951211,53.133088405306,32.2021911652769,67.2521562884805,7.08254272843829,210.952993729596,mungbean
78.0809528744225,78.5147008246345,63.7713010417164,33.5677423507756,43.3880698696655,5.6172370398963,104.331534418432,mungbean
44.7965813264235,46.9565605544283,17.6128954405956,21.9808634030544,55.2917604010048,7.03555214383432,99.8960357345156,mungbean
76.7087204925291,27.2241426712014,35.7664090165712,22.5598970090784,73.6495856538646,6.27569269145638,135.399047488067,mungbean
21.8068008133242,59.1192190205302,28.5177841286723,17.6159221225492,71.656917003755,6.38131838332923,56.9002755670344,mungbean
77.8563173105271,47.191409634981,38.2872189596701,19.9918087129443,80.4614512228693,6.06776798729215,205.358229598663,mungbean
76.8263122145209,29.9241142440234,34.4371163330214,19.8480699978993,57.6920770866294,5.74635041795967,160.564002339059,mungbean
119.024423723586,33.472324471675,39.8617617296343,15.2519570851009,82.1964056450857,6.04031050230391,188.146659982459,mungbean
74.4513137798995,29.8476335871255,48.7480295466948,32.1566980598293,58.154125832093,6.21956139277646,158.175719328306,mungbean
44.2443522551304,50.2897336149075,70.8313707987924,22.4360679404047,67.8081697727592,5.95172627477521,180.574554433382,mungbean
119.706438649309,66.3722016924863,21.9616914153852,23.813470745838,61.7751435221988,6.49559815367479,249.753057383817,mungbean
116.625035533973,11.5191916383427,24.4913945391268,22.0922260298823,51.9102011536761,7.26033376332388,45.84299188845,mungbean
52.058618186069,77.0354541703292,23.2738776310691,30.3157828260752,47.6726773230697,6.25003443413881,47.1505074143179,mungbean
41.6797200598194,78.0447879005432,42.4228872859026,24.914366840345,81.584648376603,5.94935724067006,108.42211591472,mungbean
94.5429757863949,48.4065663248331,75.9420072012311,30.5039588061645,80.3790432216502,7.3094233133874,248.567768655982,mungbean
78.8751534739859,30.4572232162846,55.0347021874202,24.0761164990608,74.7560278441552,6.91327240570135,161.435184316447,mungbean
42.9105524359786,37.7218685800777,50.2256521048144,17.775077634852,61.5826216626831,6.5698354994272,233.590041545029,mungbean
86.5678493057228,64.3514207631123,57.420997900153,23.9491077554175,78.288066414319,6.77070520970538,203.856109037928,mungbean
105.409267239929,66.6157761479801,81.1468636692254,26.1957756202648,52.2904205426063,6.84600896637235,86.3723254699131,mungbean
73.8907816418869,31.199299814738,55.5589352830122,22.3471813031226,83.8954851235708,5.56928784030922,193.685275895375,mungbean
78.2227886925558,53.7019147927416,36.8388321445504,22.962955323962,70.0771456398429,6.41157450569401,247.415252010066,mungbean
70.4036491505819,81.0825544926722,39.9875122192258,23.889789650631,71.0392391779643,6.30792451780658,56.7477656094114,mungbean
100.068931952151,31.1668677726606,37.9419786776146,15.9293230254805,52.1211573328456,5.92582532969575,194.27836109152,mungbean
74.8018088353806,60.1575297350797,77.581193075786,24.9847143562439,41.5134273849025,6.21488436996699,184.941518667592,mungbean
28.1532109566746,83.9048192249168,68.9976371610526,25.0831717951611,62.5123223301546,5.88004538713956,57.5246272876508,mungbean
33.3118824629634,33.5224751492601,18.4515335100943,18.6492981219894,48.0804408402557,7.08515101931298,113.511797987629,mungbean
101.916527069135,57.0392587999996,23.0709508937183,26.6671917176187,52.1069000927298,5.78213866533811,195.025884348446,mungbean
20.0405400525967,30.133664691883,37.4625039717474,29.1219234625445,76.9779064888032,7.49435156956052,47.1840577000678,mungbean
111.930481322077,43.4373017928737,77.9238433870132,27.6949858910846,44.4255280538581,6.09498793659498,128.725920207205,mungbean
116.472169084694,56.845571495055,80.823162494145,18.7897408212487,49.6272804400079,7.4926013173501,180.189803927294,mungbean
117.055490779251,32.274794477166,75.480087162219,16.7958739967066,58.9151719836123,6.2692053628942,193.059091709116,mungbean
23.8978386688502,72.2974196366488,79.1113292351884,30.2917899076323,49.7367783541497,7.40395842208711,57.0366088985636,mungbean
87.2139431662922,46.0401522163489,70.8643691641578,28.5708514850451,48.6781108955285,5.59848161511984,84.9009423958608,mungbean
107.606466695483,22.0316458549498,53.3400928081666,16.6244056828434,62.2786693611549,7.35510359790879,219.433151767325,mungbean
20.2421091311807,23.9974724566552,42.5710781372949,16.1020531789875,46.5145903297302,5.64129600401097,46.2686034740268,mungbean
117.323587768396,46.5513334966038,58.1411731304327,23.027882002307,67.5657896499922,6.11071396181859,224.868549571777,mungbean
83.9248526952811,88.6428733163713,75.9111859420832,32.6394443109815,55.5481640764271,6.18275534579659,101.442274428644,mungbean
33.5067740983827,21.3814780914138,50.7661126767127,15.4218531308797,82.6176933001809,6.40751296696603,59.8429505759119,mungbean
32.8039357777703,35.3028506903457,15.6001390985214,33.5051122766478,60.5672897121717,7.2488184756361,47.6770320291058,mungbean
80.374933974992,51.7602869690211,64.6640785502568,16.4320835664086,79.6599044067133,5.60255243261464,186.769746335582,mungbean
119.361023399681,24.5407954671144,34.4003931895832,26.6054761091273,73.4747721992781,6.16697516975318,89.7313894004241,mungbean
36.7359656732231,64.2044649898095,28.9473648015165,17.9913356821012,66.3778356725247,6.62372264132077,222.144203568876,mungbean
23.2699929565517,80.6342462406653,17.3807001683771,18.9541764575775,67.7601183335111,7.37072050379157,217.491269180314,mungbean
34.0606035078227,58.6183246078986,48.3296940398075,18.1104444168091,59.3926484391059,7.18753826231115,47.4548293126071,mungbean
66.1032329341877,22.8538370192302,71.7257626060051,24.2836709643172,53.0545655465939,6.68735741041012,69.7060764672729,mungbean
116.050853280374,28.7036794138624,45.8573195761337,19.0635204892901,45.4121004372892,7.21534820167131,241.742737219549,mungbean
83.8729821256702,74.7460277680056,69.2982180809128,32.417535128732,54.064656272095,5.83840789009743,159.920376138725,mungbean
83.9075509104447,64.0381467221482,76.1726748809091,20.2887938103121,45.216218398519,7.2074140681454,219.130881772903,mungbean
77.4030885740198,74.080799028315,44.7326109231136,21.2587216711877,62.0373304174455,5.90263390559826,188.328738751974,mungbean
71.6882849632242,41.1104025091559,62.976826512244,20.9214533893026,83.5682176954896,6.95179168668193,55.1601933199727,mungbean
84.9132085335037,57.4552921054211,84.6172958890057,24.9324523983209,43.4958767977058,7.26903363772157,145.39400490252,mungbean
99.8403710498662,66.0359725244511,34.9251825082699,17.3679965186715,70.3554333748088,6.42889955403698,212.61093224986,mungbean
68.5196128713524,84.9178145429668,28.9820700390181,18.4837098435889,73.2987252009561,6.07690661613685,121.160305883344,mungbean
63.2786004819342,11.2853813177372,77.3167958633587,27.6110088977083,69.5360716616437,6.00870474731024,65.5878640411365,mungbean
62.0445315735622,17.2244475070501,55.236286088003,21.8873060340468,59.9488645768486,6.49771602684526,247.888118991576,mungbean
28.2285682709089,80.3490045621754,68.7471949419692,15.7645962670281,83.6135596845362,6.20225597019412,202.881706800722,mungbean
30.0560331298299,21.2084896169642,28.6175380338065,31.303065352283,73.1590229101288,7.26874101430585,46.6542113929308,mungbean
65.2407349577363,48.8511502551153,23.532102409998,19.5642188864593,59.6849140872643,6.87142749939646,85.4326769082959,mungbean
77.7123884846048,18.3434286007394,75.6250522521441,23.4265800604721,68.3574000342551,6.26005848439413,119.371262900239,mungbean
81.0144062717512,66.7873101945907,69.1824166961864,19.6251416879823,83.4516293618137,7.16402679293604,124.611193660931,mungbean
25.7110124759893,44.5541429680559,24.5168975179628,30.4156291184088,82.1796395337114,6.72170094364402,109.767391439419,mungbean
107.596114625966,65.6562946623453,72.0778024089885,33.3897994451177,56.6491839925988,5.68032050141148,243.287972893234,mungbean
80.4666215649185,46.2333527748628,23.1308050165562,15.1173113287041,76.5914918675979,7.04719468650743,146.083977551239,mungbean
97.5069699517949,82.1395916455144,58.183056722946,21.780515400125,83.6994434304998,6.29533756095699,142.987416401965,mungbean
63.0264742779669,43.6401386715659,55.8727328250523,30.4255082436956,42.3560699808207,6.75755254982857,123.012417211669,mungbean
25.3712591088243,88.8745198766117,47.0200641881768,25.0023442460235,43.3688475044299,7.2682408139893,187.244175103141,blackgram
60.8589174229926,14.0539998207493,50.1287321537401,20.2036515740695,53.0441046171096,6.31984085720956,41.1503478843488,blackgram
45.6924467746599,62.6304133481488,30.7774062574736,18.0489499974292,42.6287223946437,7.29549729628279,99.2284893008082,blackgram
73.0181891531768,51.5243894800192,45.2228980139936,34.3245316014274,49.5931761104582,7.18361880988051,133.596244730799,blackgram
47.5201949884743,28.5200795244985,25.3750192049774,21.3524951163458,60.7622789106156,6.64548148268158,155.700261157798,blackgram
66.698541122814,62.6979895181479,50.4023847893823,29.7656197169636,80.0264621316579,7.10799811855331,116.960910310485,blackgram
105.106989780956,19.2049423648067,20.5190233911942,28.6245950281735,84.4486758343171,6.46987684302492,76.4014577569447,blackgram
96.2621566542714,38.68037322009,58.3179538619322,34.878821149412,72.89624320478,5.72651359915105,149.94144690686,blackgram
66.6876629957406,12.0539041990665,52.3723442560864,32.2336317306541,41.9039950924478,6.01093267021279,68.0113171124884,blackgram
101.917400370314,38.2899576557288,80.9790476020328,31.5697003139973,77.6730859268797,6.40904844501477,205.887201868876,blackgram
119.915529787501,67.5714531063901,43.9916559816299,18.3787823391048,44.2187314989133,7.33111979990784,182.613518681663,blackgram
60.3993088940155,38.2329995689136,34.9497780063887,19.508666789396,56.0591942542508,6.04471225689385,147.641880501826,blackgram
107.299632880511,52.3509318206231,37.6578588842684,29.6071269803714,60.6767773794368,5.55484585000893,40.022844066854,blackgram
83.3051066488517,87.7486177523381,76.3619579520831,31.9433186840933,64.6839725876618,5.96618660188568,46.6981377623501,blackgram
96.1437308863475,20.9028294733273,74.6921314996165,18.0113732921944,41.3686389552283,6.26680243702922,200.327916420218,blackgram
83.8861501421249,26.3729118632027,72.7501358360751,27.745560758163,48.8963604829723,7.18883741166854,53.2055436136227,blackgram
87.2761307876912,29.9115042853688,59.5373772944032,28.708800372532,84.2399592996761,6.74161368200631,238.697311728586,blackgram
102.423782293882,59.5099299631593,21.8690066676908,22.5539149099746,59.2195583876313,7.07966055049545,116.881888591164,blackgram
94.7785441925649,53.005369176625,37.5241227925402,25.9043372938895,70.7109969554986,6.79443219923155,174.936713816103,blackgram
41.6627126194829,44.5801674363111,20.2405272402058,21.5291356884544,80.0029709469541,6.99822822934865,89.1683137506099,blackgram
52.4725249467755,49.8945406265066,21.5154817777292,20.2357408428731,48.2351898626588,7.37445048050697,241.660849308437,blackgram
92.2963918337116,29.2280921802056,26.3208140904646,26.3084503502159,67.5528906972859,5.6714364384168,236.811892044177,blackgram
71.7411243877099,70.3692855222008,69.1011043377691,27.0662580300431,66.7106924470098,6.29472407456242,227.125972494076,blackgram
86.7094283582221,50.2583006211828,21.4442821249572,25.3046060122105,48.8741172798323,6.34065552188114,135.788178153237,blackgram
101.664171061322,54.9106857762256,40.1288263942715,16.8831059345431,79.2261726847972,6.92408569502834,144.897640428924,blackgram
32.019236670816,10.4040284456704,23.1136092348553,19.8819415666545,78.367226574741,6.31162894554978,45.212519953592,blackgram
49.7215962455243,22.8037813738006,83.5856043028578,16.4036027814278,65.2674046183319,6.91071258830405,186.835335286723,blackgram
87.7636023926379,34.1593404599276,65.6200718044397,20.9076793333086,55.8288434826903,6.18611753577651,178.102502835962,blackgram
119.545300006655,10.0813710317395,67.258971907319,34.716032259034,63.260386569081,6.50831115385905,230.327663622018,blackgram
87.8967580049749,74.219414509935,47.9887054548546,29.8118746722172,56.8153917262402,6.37537382490718,123.415964205477,blackgram
94.956571345663,62.5571372604729,40.1451076218603,29.8193181654528,84.6196404027844,7.23250907181413,117.674447436665,blackgram
54.3181490592277,18.9813460823993,46.1535113077394,27.7140945162224,72.1737160054844,7.01383659872871,69.1911942042369,blackgram
45.9391816453725,60.8671481026649,70.913993104321,25.3988129787142,56.6042835831662,7.18376321517106,66.1952669947386,blackgram
20.4033217674137,39.5481569457558,33.0806825766716,21.7141511136266,80.5746503130415,5.73699863172928,169.832160305154,blackgram
55.730458579832,50.6821701120036,38.0710483822371,18.756450174263,52.0451221764298,6.10399401029758,234.894765198647,blackgram
84.5027539993184,39.1142447800908,53.8092640874951,22.204090257736,61.4561904391536,6.07550528951711,176.977016989597,blackgram
108.875031186675,34.1205263995195,39.5067820998406,31.0385202504874,73.6256774904326,7.0346330420741,128.110910355165,blackgram
36.6903330090876,63.7996712577528,30.4457159272608,15.0938258413662,66.8112387190625,6.04495902105466,196.561824114324,blackgram
48.7612253933964,18.0736286230728,43.3680846813917,16.7977733732191,73.6489849019092,7.00325987744297,247.034150006731,blackgram
80.3739699629946,19.2371004862884,46.3517551968581,23.9460417018021,60.4714582397004,5.92187075243419,169.016498056714,blackgram
47.1911291532177,29.5482617335153,26.1815295234237,32.8435969528945,64.9358033272139,6.44493571433468,64.2094102195508,blackgram
26.7845381827953,82.6558862592354,52.3647080209873,18.0884323656039,55.8032257672414,5.89734523761894,79.9842636985631,blackgram
103.603123567814,18.7146656628301,27.8191851651385,28.4372815366077,41.3282872579658,5.86507562937451,115.057210072436,blackgram
46.3007701962724,21.9327764641181,33.9221090958091,29.5809802387752,64.1255217716682,6.83278920936062,99.8522285697294,blackgram
38.604282391539,82.1771736034086,39.8236749203986,20.8463196669921,65.0371515168981,7.11042297427097,227.948328097327,blackgram
62.8142619052968,14.8733558900996,22.875801109651,15.8335268408216,76.0005244011993,6.76049917995022,86.1510431422624,blackgram
39.2721779547968,79.7181447547479,80.482693526653,22.9314485042968,64.8830793960407,7.09095129817303,201.21877742988,blackgram
20.6530435293229,31.1800800362509,69.2806605781804,23.508075991882,41.2778902688426,6.01389798080264,41.8697538095851,blackgram
29.5193565867466,81.1536233458452,26.4191584994174,15.3601251357981,76.2732963619164,7.16054458714116,225.178537161638,blackgram
20.5983908197835,24.3326092578157,75.3473944451415,30.8960330001526,57.7057509253294,6.09081843429749,125.656609491285,blackgram
24.8016372159131,15.6495817777,59.1131414352512,19.5901168252295,64.8529701120467,5.77529682790642,54.7600437070988,blackgram
47.7682896367127,36.787903507607,38.2733610706745,34.6633077225011,79.1913530017209,6.53460429656999,77.6976016106538,blackgram
83.7463669589471,56.3348735339636,75.6838528628851,25.5596716658024,64.6718123530372,7.27217689797849,109.919301168956,blackgram
37.149665680318,85.9504486974098,16.6569059675824,34.8787680174591,75.9989783382038,6.1759286283869,79.2149529835279,blackgram
89.2319193711653,15.8689132360131,57.1239542645048,18.1899237647606,62.5029894371997,6.21963969465328,241.28795325816,blackgram
39.4131228231886,21.6200218776334,28.7128570832838,24.5221867363538,45.3685259401652,7.37723533430939,211.677240595071,blackgram
75.4571497977977,76.4523399185633,17.4388609465393,33.7030859378647,54.0836565378512,6.9045803385808,117.389250107756,blackgram
79.9971696548151,89.6154760940072,33.6772646702254,31.9039726987965,58.4194345671774,5.64987912687933,224.06914022475,blackgram
32.1239163503628,58.52141196305,31.4897208271966,30.0462185661524,75.9857844891892,7.26709610212925,162.926377557649,blackgram
46.1487378394924,68.4564649213368,72.656843852092,22.4170504731206,47.086703543126,5.94199665097613,133.099812685093,blackgram
63.3935645704128,63.6811380338302,18.6311972530704,23.5792384057209,82.6361851825547,6.53087676737033,169.554283353293,blackgram
31.8726359735581,89.1063371669065,19.1148872785805,24.740143022379,68.6053365206371,7.13643526548354,59.3929744043355,blackgram
27.8167964275073,36.7962166791764,37.0008287308741,16.8149132755654,52.8196127749139,5.66398869555629,55.3073335929342,blackgram
73.8732623932293,86.8264414355282,65.6658885957049,21.3923295337671,42.4781327240533,5.96429393368973,101.547665112441,blackgram
29.9948437465331,26.8937338222255,54.5011241266043,18.1097568865445,61.6581329711052,7.35037559450156,74.8675706772448,blackgram
52.4179225752214,27.1955056196058,44.1365700257647,24.236999726499,65.1775530889526,6.0191891130615,40.5276887912898,blackgram
81.7688434951794,24.1426669127041,33.5712644032069,18.2801990971343,42.9398688245285,6.48603241098394,78.4970769651686,blackgram
59.5753103027005,50.7497315671061,34.6074801914429,32.4520403414276,46.2551789969463,6.24088075325865,227.992634572085,blackgram
91.0683707478775,36.2460670369892,22.6541810518383,32.8480233148895,52.7481137578134,6.1476820784843,43.9433636767526,blackgram
97.7657541808513,49.5585864594013,38.2063514754206,18.0876460220142,80.1863425970945,7.35262289263896,198.337635089801,blackgram
32.0008888244633,81.8448670915537,59.0226974217327,29.5075820826495,77.0079906061329,5.64075852192042,233.419279685905,blackgram
98.3547181535301,46.679570505712,25.892456528215,34.7947839553444,73.2608842608802,5.71952941092641,187.881020232048,blackgram
90.1800028188992,32.735593068756,34.8020079079093,21.8457573218484,64.9636339279654,6.04166605814438,168.834058837422,blackgram
108.686798228271,34.5513016844873,54.861417440633,20.5241952582841,82.108908277987,7.46746976299559,216.406487560089,blackgram
88.2301005666284,84.7027576317558,15.6739357629204,18.4460116566373,65.5017141627621,6.35866135119398,97.9062851042982,blackgram
81.1310805944405,62.0968945939545,25.3056039057232,21.3320837292504,53.5027502051102,7.44831766558267,234.698670448129,blackgram
106.958120664096,86.2991137412838,78.1863377584081,25.8832131097481,49.6334350200526,6.12916517566385,55.9300778600993,blackgram
41.0287417383067,13.89067836287,71.8466104505801,21.7656482973907,69.4965287761281,5.78098644049884,88.9595902520044,blackgram
79.116956758833,14.7557485498282,46.441853885279,32.732925479176,43.8989970758087,5.66202659167444,61.2616969324936,blackgram
72.4710160924452,21.6783094460509,72.2207030454747,18.448520043608,70.6195313439795,6.35690223931191,59.0027366713633,blackgram
83.2983730935018,20.8530331453555,16.7978575740931,20.0937260990468,53.3503388326384,6.87271798465993,43.6302228847659,blackgram
55.3152349290043,63.3429482082571,66.243437519876,29.4335436701931,70.1118532149642,7.02834675904752,139.122853539476,blackgram
108.515099086107,25.8026574998175,73.381271757363,33.224526838504,52.9976854906407,5.58520661764089,44.2296600547757,blackgram
79.1764325551579,65.8442857376506,45.0970538752605,19.268334724134,80.1915491629352,7.15178070014891,112.422919600468,blackgram
100.776005369041,16.8178682433525,41.0214257314901,25.6728460782547,79.8759160679187,7.47073658274987,161.23377415409,blackgram
111.297056521893,72.9128604302708,20.851727694204,22.1760844193288,60.4360402563755,5.93170826064037,89.9836158426402,blackgram
59.2660004269639,67.3696187033177,26.5478363314401,23.3498417159309,54.2577962341056,6.7584651751716,174.30742571331,blackgram
114.844564932792,88.6736357578419,33.2839762178641,22.8319314903728,57.3631514875978,5.64069596777702,48.6560751305223,blackgram
63.7609342596312,57.6580613700943,17.8888698121947,23.0705731865347,78.7210889014979,6.84483145985046,154.532382075923,blackgram
78.1563499561308,38.8251563295839,28.1624415717844,30.660416509798,75.0462289666972,7.28941980367034,244.15788938485,blackgram
61.1122463369333,70.0337646436103,53.6695484671134,31.6940645485623,77.2037130325119,7.06424804011558,81.8119074692074,blackgram
118.093333792916,31.1991057643663,70.7147255287109,26.5261124128132,48.8495993119896,6.91062375130627,220.456024916124,blackgram
30.1802906068881,18.842799444144,24.9432010575864,25.0056731468093,81.1759138368889,6.57216856212922,139.82585675075,blackgram
39.0684988252206,13.3861232937249,81.8692893147791,26.8733117132789,64.4547280177729,6.88524984539731,210.33026598875,blackgram
55.6805779671672,88.1547368681779,59.4129882214651,25.7606965632926,73.0535208587784,6.83475748884247,152.837869051303,blackgram
43.2998388927895,66.702203143715,53.9825342963368,26.1819726467049,52.9700783723826,7.184230168203,135.901960980101,blackgram
53.0736945071601,29.6275934668386,72.9056127080254,28.2762175953371,83.5196734422444,6.87215578247428,140.74972463341,blackgram
44.9779461067998,13.6791320162262,34.7916017704604,32.2756956132481,56.1381529346752,6.49363840603905,86.2918697745967,blackgram
90.8095516873568,57.7717247455249,31.8726349234919,20.6662155621062,44.027459381161,6.27601563314722,171.066787234073,blackgram
48.8054611202355,22.9162712082808,17.6789554733219,24.2427015347605,41.7069909054353,6.14398243680782,222.448948599607,blackgram
60.1757453755363,56.8121905842853,80.8829517503655,27.5359268731139,71.2286138633399,5.53737043591094,220.589089067927,lentil
99.6981622836078,20.2442018362899,80.0898294127964,26.5266909224571,40.2946164157682,6.16267182243181,62.4755269067714,lentil
113.09450606494,38.1387273725768,62.1975033251557,22.5179412996014,47.6751793630771,6.13377142168291,150.229603131409,lentil
31.1630979977376,35.2684564261085,34.3051497960953,18.9744973294318,60.4348270387551,7.16509689281932,48.9632901125417,lentil
28.3891528231973,73.116179696804,29.1173062120179,33.583414460804,56.3839002774953,6.72191215270288,218.084621535654,lentil
66.0836767899262,37.324171451537,31.5891905904697,28.293128476149,61.5160293278825,6.22097886387304,231.333917747873,lentil
66.9094036365437,34.8946348693663,64.4883362387718,16.6590413179524,42.5502357410967,6.53420247930763,114.993005616121,lentil
100.97192979463,39.1216595979043,21.0366608230568,32.3474717966036,40.2297478403103,6.18780329017332,100.926559493377,lentil
46.929667697721,63.2317736620231,44.9650034028874,19.7972385887044,48.3761547195614,7.13453141862272,189.748919866862,lentil
53.9100276743574,68.2543122294612,60.3014676157858,27.8492071725657,72.417092568901,6.01800862258207,138.722741477528,lentil
21.0181949012998,44.9809288396411,64.7868448820835,28.8485111267532,83.0378325507221,6.72757795603367,174.932758158507,lentil
20.4672769459278,55.5049297797982,23.1040960401781,22.9487072434037,54.1951243040129,6.87114556663257,97.5761683599912,lentil
62.4931501236247,19.2350233016699,19.3257993247014,22.1796233054156,52.0174494069151,6.6157910670693,80.2234190936309,lentil
87.6154972368924,74.7133567858084,44.7356146060562,20.8399442703649,64.4450675181323,5.89604759886677,67.2986895205913,lentil
78.3004032998813,14.7849927119841,45.8344195088532,21.7258414098648,51.6143617763251,7.27400251560565,207.902843275994,lentil
112.675913447829,39.9997896468266,27.2463623444766,15.9741845731503,72.855070018142,6.79517906033209,95.5710205787658,lentil
29.6585548527811,34.9838941288106,73.9698597085522,32.4137912957993,45.9261816697783,6.37783572863687,231.975442856539,lentil
81.2741111597391,56.8293351898106,34.8435435350256,24.0665080719937,71.5498949990374,6.05713640365616,110.145665095256,lentil
82.8344650672909,32.9156917440312,43.0299839973589,23.2634511255955,58.7094330362554,6.52508636798015,128.550434656698,lentil
70.8999213347677,64.0224874643714,19.2800304173865,16.1470055678613,75.9357186481057,6.44926976270474,144.616197019171,lentil
94.0440420685541,80.9479279773999,36.7190355629283,25.7388352838991,80.9637701515871,7.35383236680824,161.709579006634,lentil
69.6618283212473,56.589434168576,44.4915354109796,23.2306159326018,74.1597670801728,5.93164996822907,243.755213494299,lentil
67.4445719027168,22.5610011129458,76.8076666825487,26.1397630121278,67.3794875188635,6.43102074457846,102.66704159913,lentil
28.8551223784942,71.9615752538487,59.487567066442,21.2869497697274,46.0770855779187,7.18591034211494,163.393130387828,lentil
83.701758330549,72.5026620470466,71.9337500477832,21.6624280096322,83.3927342334728,6.33199281749874,223.183145091489,lentil
89.8517590155135,87.8565805395397,79.146854758331,30.8160554877557,55.8243408290783,7.00891510560592,67.6625371666916,lentil
90.407821969319,88.3296555272907,15.1149231754779,28.13318486937,53.3523189943993,6.40281163011808,47.2562338073068,lentil
71.8268579392819,24.2541299826718,50.025348945067,18.8027693907743,40.4106029078414,5.89951576590515,176.896731349126,lentil
31.2329409044389,63.9788211388415,30.5815992996011,30.5051931438526,43.7782455555993,7.48396617732196,220.516146980466,lentil
100.108465151912,58.6374689865101,20.4886577303934,30.8964590429778,75.9922858914324,5.69592446097914,202.944907063127,lentil
38.3805257167576,87.3266421991059,68.6329763353024,20.1356207510157,71.997376876882,5.83337623268989,120.739330859268,lentil
99.5398996581975,60.7115930182448,61.0381771512507,31.7665629260086,57.6197210199291,6.60606568171925,64.9372908216609,lentil
80.3106650804685,35.0381726888186,25.0088051660027,34.1031694780584,49.7307336608557,5.9408229880225,163.099518033257,lentil
49.8471992508728,65.5031490956914,16.0880182036609,20.3538201215462,74.3113508863893,6.04425133510691,229.628649316555,lentil
57.1152331759758,83.8585890800965,75.328540392373,24.9377924902075,55.9049613056262,6.01725073089695,110.237297667301,lentil
41.1593597294573,68.7341401254452,80.3350202391553,20.9614337915375,41.4881394973435,6.0348323856177,106.555386617107,lentil
24.0840351507459,55.1924824552576,80.5852057624539,28.8482331269645,59.7527611510608,6.98170339198862,81.575380150031,lentil
49.4991203721143,84.8341172164465,73.7765134772176,26.6718009913675,79.4897831415244,5.87947989552258,225.919985578358,lentil
47.2793663792682,70.0513807218761,84.2363022031432,33.9715671068856,80.2553101956171,6.46295887183536,129.091799612665,lentil
91.0662549226853,73.6681562958603,38.900696525304,15.7621154285791,53.2483363935018,7.06857136337486,122.217741237123,lentil
77.8800407042168,26.7700399163971,60.9960749028232,18.6633751837832,82.8847885541081,6.03851553729666,94.1026446102665,lentil
32.8883333005422,16.2889285042365,55.2695544810358,21.4704843268127,63.9073287201614,6.91003113491928,55.9938368881093,lentil
118.780589829563,11.7737450458918,78.9309702459401,24.517856961823,43.0998437959234,6.39826011513279,237.147986035397,lentil
118.353449254461,85.5413920411567,39.4645333962816,17.7701463563229,75.3671540601026,7.2853674952804,109.337338478927,lentil
96.9054076992466,57.6394391281714,60.801411944349,17.890855447804,83.0454706438098,7.11292989440864,190.400067302585,lentil
92.5800966250618,24.6062155135936,43.029490326545,33.4911087055184,81.4216980600831,6.75540324731516,70.2211694653245,lentil
87.2030652720495,43.1048545395512,58.7537897302554,22.265769544647,74.9408740806118,6.1961710735672,191.799896695558,lentil
97.3680140624605,44.2511157478444,54.3549046336463,19.5104411544793,55.0820030854465,6.40542624001644,165.005842044487,lentil
46.5358098440505,34.6074760074762,18.1263008961111,18.3411708862247,56.945830945366,7.35490767744133,115.564143762721,lentil
68.3118617200814,83.6778771847849,27.5287010765302,26.4941591450452,80.4347779114892,6.21994066271928,95.0210357294516,lentil
103.959411915373,51.030262765023,53.5936188970663,17.9680647714846,76.9642795258967,7.08977920542926,105.415806363065,lentil
73.0456718770069,67.9551356183156,69.2653188408657,15.1894577686626,64.5069194885469,6.71464230269875,249.028526637251,lentil
36.7354042254088,17.3674369265174,79.3314500266367,27.428207803717,55.9188322238246,5.74184976436284,136.693002240124,lentil
107.498424382647,38.4607879204959,68.0247823675278,25.8781631620965,71.5111503221612,7.06816214954861,79.6715274591332,lentil
69.2837216934579,45.6858156042573,70.2006363986063,32.5582649640545,84.4651842440782,6.42170343777244,236.158064508884,lentil
111.526066228527,10.8700408418058,20.3983173404812,25.2745438042444,69.6020582782114,6.06752414934688,194.329289730792,lentil
78.3154254864507,31.5554080631376,26.0309959114674,31.6395162030307,54.4059709317079,6.22891063929019,106.310560738812,lentil
102.888050322834,30.7968583427355,81.7308296946487,25.8959758611843,50.75704521302,7.10312412846979,242.568073818725,lentil
35.711843555659,73.5072417480439,57.3146556328585,17.423612979438,40.4863837573148,5.74518360860887,47.9000953854528,lentil
47.8366500175729,88.9310656482964,24.2091748161284,26.1296601086527,46.5911244608421,5.62257582979397,92.9396097934524,lentil
28.1217451058895,77.3521516413205,22.5378239981541,28.9185661980503,77.6723263378592,6.95108297627935,101.284297682012,lentil
28.6317248216978,57.9928988069263,64.8352643567302,22.6023019513126,58.8831589808143,7.24629492114591,179.430909878309,lentil
38.6111965769023,76.8226362330944,38.3180118600456,29.9813951249148,69.6680344593097,7.43895229228723,199.209867613022,lentil
41.7034988672023,47.809899094426,42.4782578868225,27.9402997870652,47.2526621666051,6.89456375566989,104.005428484644,lentil
48.2804280185515,12.0820812518159,34.2844963303229,18.4732650981626,53.642533213665,5.62734238995581,197.009240955584,lentil
61.8058833767687,77.6491493674224,74.4209338209689,23.0376528334048,43.4209259242848,6.8455597727306,54.8682493413185,lentil
39.392928676397,81.4050186012895,66.8745885984388,26.8236554562224,51.2249954679166,6.24732557625851,59.3734522254083,lentil
35.1355367690025,73.8756148069518,71.5189274430829,24.7435955562366,44.1315295939015,6.48790230648029,221.478317101243,lentil
56.9278156836181,67.2109326986647,18.423932438448,28.5198507427796,41.2716824637128,7.47408446854636,208.737723286607,lentil
77.3885219438879,44.9151634587511,29.4516289860251,17.3291670076219,76.4264319517773,7.33258732307357,201.29115772028,lentil
118.96685858209,48.7395177589448,39.3030980202849,26.6653815711222,53.3513316900243,6.87468207877813,44.8521974006911,lentil
78.0061006164207,62.1184791867242,18.9082551579495,33.2345185327504,54.5628590367562,5.92506644056415,67.604271624053,lentil
42.7580830560802,47.4463644425601,63.0538433967409,19.2271127198949,65.6374018781993,7.26696117956515,50.2439421556163,lentil
33.0477708359471,73.9965730085953,65.8123073171882,15.9552193158098,70.8581943441453,6.0345764386163,170.209254138269,lentil
65.612318928173,52.7690966999014,48.2307095701018,23.7993615627286,60.5816106966611,6.14840280481074,73.9542241925161,lentil
51.4201213100087,46.8180907689119,78.2737489479006,30.902310179501,76.2974551232985,7.18215352095764,205.735601641115,lentil
26.3655668899257,89.4464883205697,68.4986627351021,29.0928104119808,74.8529056295999,6.84412811107194,112.723921664396,lentil
116.835998770239,51.5974692448962,78.3571900070446,19.7951244771458,41.4765882289394,6.93854491013966,220.4300842669,lentil
88.4286809379368,59.7037608035392,52.4855678935934,27.219172153724,58.9023769036412,6.30612326916592,66.0269415453202,lentil
31.6867281085284,56.4886235289688,48.0230493950765,32.3249992622645,79.9749318044516,7.43952426125273,231.80971966675,lentil
20.7853420920602,72.6058222272461,44.1368088913787,30.2621985577337,41.9081723186691,6.01912705251906,54.0326282866451,lentil
100.687605860032,86.9298795223841,39.0184311634015,33.2245727620202,66.785087369748,6.04747935689403,142.430272331662,lentil
21.4645343187566,55.569736643494,29.0148297995398,23.4911210967652,67.2218026300994,6.10499180881539,172.282024781351,lentil
103.892912456716,39.4722069192083,27.8909830902195,22.7311458754033,59.7106806653136,6.83055866757899,238.825561440934,lentil
61.1973309895011,33.4007009600292,73.687339024007,32.7235439222881,71.6035866209322,6.36584954283473,241.706379024175,lentil
93.7395587720627,49.1090069893324,48.3652407179425,34.808184849009,60.6869017964634,7.08473767600243,224.2562576636,lentil
85.9673516014439,25.3910134059335,63.9810978709632,31.4965731261748,45.8194880261177,6.77234923060627,61.4666069585209,lentil
21.1486086068436,31.7236795377562,45.9185735792474,20.6680574108232,70.0269801798402,6.06693042747999,75.474102234223,lentil
61.4170191350472,28.5666580584676,41.3586843881564,27.087774068158,66.7427886611516,5.74006730329248,122.929577228115,lentil
86.9114732029436,50.3783910164509,16.7536009390622,32.8584447772514,77.8366708163343,6.55451326959511,98.2224486480572,lentil
28.075912067702,67.8852446646827,45.3902768671467,17.9044003705049,62.9557179882916,7.00500730588334,77.6436777960712,lentil
37.6014918915934,48.754154536293,54.3210046222997,21.1738633951982,41.3097123318863,7.18913289983251,124.102317003581,lentil
22.0962767778413,41.7357319368682,57.1942027901272,15.7007139738187,46.7256800954815,7.08316454085669,107.877333237732,lentil
45.6779361635809,18.007492948327,42.0214377329785,32.3084947268053,70.2550833859737,6.46501600414748,248.017344636851,lentil
88.7657779868533,63.9742822078868,80.2334492212317,20.770140982126,44.9013091227511,7.14994436486156,235.452662732197,lentil
74.798043591342,10.6037676709722,24.6727996411141,18.1427831962438,63.8932702359246,7.47933737560145,90.012607211253,lentil
94.7656294027183,75.1859197324076,35.6986873553594,26.3035894796735,52.3960240778495,7.48883104975747,176.111912492715,lentil
30.8033238494784,43.7821693130686,75.0520578120146,28.8271069870457,73.1053463966145,7.40804871819357,213.035749398654,lentil
82.3471896454446,13.8501018676209,34.5856697529488,31.7558376010302,52.1498042890568,5.87739364913543,142.554999199954,lentil
100.974840410508,60.3857776012205,16.4130284457528,33.4037347596156,40.8817420368463,6.43952051687032,139.326289691649,lentil
58.91495533237,47.1673178845864,76.452757721512,27.3699599375808,76.086111218243,5.67014024787123,146.915844197812,pomegranate
48.5269665198992,17.2260004315646,36.0171683649612,22.9373596924997,61.9641614737754,6.18481363946796,161.721153688487,pomegranate
45.2401411185228,15.9215901819624,56.800618982781,22.4648723227274,79.1926520500298,5.71349441270041,234.146793286384,pomegranate
115.942082254189,78.6710055864747,37.3543095832478,20.2193181986079,76.0437338454852,6.99959626677427,236.960656883642,pomegranate
38.5001776639839,32.0407530395504,60.1494915202025,20.1174586848903,63.6094869899608,5.85033926477206,190.965573885928,pomegranate
115.768564285603,88.3992001034316,20.1000146731269,33.6752156348318,79.1029405822525,6.12971338286517,111.022468563645,pomegranate
115.78012679507,88.3640015862715,45.8646726798567,30.6380634734584,78.0830502175181,7.31746519534731,157.042868513168,pomegranate
75.5802342740727,43.8427536719678,53.2860185291087,17.9729288830296,56.335587343823,6.59694758481204,130.24303346418,pomegranate
80.6203903726397,54.6839407294448,40.0272460864052,15.0188343878923,55.0872395746816,6.64243035537304,61.0562565974222,pomegranate
101.481559240018,62.4202021082957,24.8696535266329,34.2687442150287,47.5256734306578,7.22148171240533,101.890311349132,pomegranate
29.4029875981635,51.9435477824619,45.7637984076346,15.0398717634566,75.6350731712929,6.67261261640704,40.3401064641495,pomegranate
107.883755000254,80.2738707467326,48.5343915380232,34.0936371679854,77.8479491071068,6.26112179400452,172.131881118813,pomegranate
105.247499209478,17.8439691326786,22.5058543065124,18.2328442871724,68.2013127991004,6.07830990877855,113.811165217222,pomegranate
62.1440742174834,67.2260212419676,80.2973343642882,25.6736448922537,73.4638681185729,5.9758686853926,70.0269918656102,pomegranate
52.4297493474697,33.9943076036844,72.292617404504,28.5810563497157,42.1596283661945,6.0252624491813,136.972218019409,pomegranate
109.874007361882,18.5968229959704,25.2656999185056,26.4224507433467,83.2975367891125,6.35621835238124,192.74693428201,pomegranate
88.0125874783902,80.2775480552938,18.2381902696743,24.8841290966999,48.5794426307918,6.44213690932008,242.091526064133,pomegranate
75.7202912195214,12.7014848229948,71.1256497474972,25.8108269473588,65.7213655816025,7.38646805839914,181.243718099428,pomegranate
100.896908175618,50.5331017638245,47.7817940492098,15.9649800234311,55.6767384478248,7.21726775808133,156.453411870847,pomegranate
77.8494539288103,62.847741866879,34.2940328639439,30.8614758848499,45.3068352585225,5.83485393428004,240.284332879951,pomegranate
119.058932670885,86.8458907291507,56.3363774033898,28.2905671155502,78.7470600189395,6.74823077081155,195.676122152096,pomegranate
103.685591483342,80.9247361081302,17.7633052844383,26.0597446612361,74.5089649616317,5.86129015049026,201.089862068691,pomegranate
46.616028475862,11.3336773222935,24.6958029082491,24.528116793152,54.3728737925984,7.07836666590458,58.8519082911554,pomegranate
80.0796515401824,64.2673209934809,51.6011475197045,27.2759103739056,65.6263883717481,5.84565259439203,61.3425804541179,pomegranate
41.7872577355184,71.650465606549,64.0792862414752,16.454492165453,53.663866938401,5.51721136365887,158.988852952136,pomegranate
27.3194926173051,26.9020255361227,76.3209094113302,29.2108024722947,54.3603389707209,7.36254853283174,244.143765053779,pomegranate
82.0104570696179,44.306844302596,49.6683237676827,26.6301215494192,70.509496170799,7.07489095049672,105.590193451191,pomegranate
84.392580680732,20.9694056636511,37.1667568209426,30.9706495404107,57.0209635384478,7.22792785322663,121.856490374476,pomegranate
48.2232121695872,15.4116912956404,18.551298595756,20.8314096209739,60.3080089694392,6.77936706379027,169.98650087043,pomegranate
31.5928381269764,37.067450334815,48.6183837352406,24.2644880103248,47.7417727037062,5.90096199158624,80.5227253029694,pomegranate
100.539564732713,30.999878282193,68.6106001230006,15.0055710319456,78.605907994139,5.73531564987978,245.945308388185,pomegranate
44.9505958636061,12.2089414308821,17.2602608857026,32.8297298670885,57.3421369876443,7.07859416193263,160.528821815052,pomegranate
83.3513249286224,40.7571764806086,34.1934491876482,33.5079570666458,46.5088789847255,5.85364154835867,206.102188940208,pomegranate
34.3629178006029,76.0224123606563,44.3278749796226,32.3565911116808,53.1215830534331,6.20625965888904,145.876999779547,pomegranate
29.0492424597262,11.1999314656481,23.2797173868305,25.1189882075968,66.4134015754859,5.73873779188783,216.091333490839,pomegranate
107.461909226823,54.0641790833623,70.8777747796279,25.4066913530262,73.5837745753041,6.31820173320277,46.8724942425604,pomegranate
24.0034373309479,11.4754716686325,43.0058791385991,16.3181653252422,78.2673902917967,5.59007313386075,141.307177716543,pomegranate
115.387842317758,26.4856394829627,52.6478583028763,15.5479527639914,41.0647099726203,6.30400510821678,178.970958557432,pomegranate
63.721832401921,37.7516858781463,24.2714297209268,26.3263666403137,74.4037597972917,6.45303151055846,73.3928421481479,pomegranate
21.2612624565425,83.1206211415681,41.9875958082208,30.9683268498482,70.1467683260081,6.97083322213536,199.367772973779,pomegranate
103.366246746558,48.0750564663089,43.3544299976688,22.9667130708539,74.5473958410078,7.01647328283474,61.7549089862755,pomegranate
100.68367586503,11.5108523897412,71.1344902525351,23.8240856718384,53.8641968131364,5.54352211488575,68.688940298133,pomegranate
100.892864978357,56.4364103816619,48.4986240526189,26.2660851568291,72.2814853825986,5.85352738031816,131.854161332294,pomegranate
40.39061650652,63.2643943528013,81.7811364944936,34.6355621235611,81.9663300094969,7.24742525804202,45.7585672362515,pomegranate
30.4435631588304,11.1637523775751,33.724434663879,18.6091653181283,53.9328980138213,6.94704194993109,65.2453506995204,pomegranate
93.0132287708173,20.6210609202371,59.0343389259811,20.1188062807167,68.969466071096,6.61634332924911,172.380128727472,pomegranate
52.8010418605064,36.4422165353048,23.7579833896635,24.1286946596246,60.463961402636,5.54479906523824,82.7736347041901,pomegranate
53.3552634498827,82.5588248635451,31.4578459255667,34.0512368637376,65.1393814408869,6.14298677753796,172.248823504079,pomegranate
101.013327641884,46.0837640036288,44.159028315525,31.7026959251159,79.803580557836,5.65234611190499,187.504236683019,pomegranate
20.4338750152075,52.7543492441784,33.2522212379855,34.969466133029,53.4208037114799,5.53279609141536,56.5472360358328,pomegranate
64.769186826781,77.9591830018718,36.5154760663935,16.47200858289,67.8366411490536,7.11403840576021,223.938106756629,pomegranate
53.5277222718707,76.3121749769487,51.7740361237778,24.556608269716,78.3090893380852,7.14747554792439,201.88542938879,pomegranate
30.7561593925376,12.5903871294998,30.9527495903674,30.0193406990819,58.0912413788453,6.48091930662325,233.199792370759,pomegranate
88.1716211457605,27.0003549833784,44.4563862446027,30.1848380058933,61.6899373902427,7.35596087661384,107.971050375128,pomegranate
99.6098341139079,79.1494424590606,47.0572998430847,18.1302923071805,40.2700669110148,5.74977522541293,226.030760908514,pomegranate
25.7495523270916,84.2198512676264,76.5272989829664,33.8012179074815,63.1513383649994,7.00772111188049,139.719771277029,pomegranate
82.21448628335,81.2971339334255,40.0113067938999,15.6642183198893,51.3595876895634,7.36303625994503,228.323202807607,pomegranate
70.2049526433483,12.6279675972778,32.3254390188146,32.9242499256154,63.6672276578225,5.81759470157213,200.854887930143,pomegranate
83.6985350231168,80.9246740820467,37.0050970194885,17.7318683372493,79.5567444057934,6.60444815601429,153.227565131722,pomegranate
116.45341564736,15.3905557493635,37.4921058688742,31.9062321898091,71.448257256508,7.27004446171692,50.5138748374367,pomegranate
30.4631698273416,37.9148006941726,71.7634297706016,32.7510680061537,73.1469593817121,6.39028591517838,52.5099832110619,pomegranate
52.1290263124411,15.0800908008032,65.8221689010142,19.5912665336352,84.8408038750481,6.35378902445258,101.750251088175,pomegranate
103.151843577228,26.8364123705944,33.2211483354779,24.6012618903077,83.4740617864179,5.73977021884162,128.307136338347,pomegranate
24.1189714819747,55.1682308154033,71.2427234958125,27.7087084263138,49.0736415069893,7.37135434424102,178.098248335579,pomegranate
102.383222730077,12.879086771458,28.1529514552806,26.0717024146913,42.0923154601326,7.19342217114448,123.457743913614,pomegranate
88.3914586288815,44.9280105693862,15.6061367181158,30.7867859004935,72.1144476938594,6.9128086163722,106.295968292419,pomegranate
102.305729101554,57.0662035639706,78.4921063126494,32.6515291247757,45.6398304601385,5.99026013374806,67.9333013472768,pomegranate
105.692679223461,14.8810943238815,40.567396048255,29.6551979867067,74.4311704646941,6.75911179522942,53.3228165252706,pomegranate
98.4332123484617,10.5950928854733,32.6482585294397,25.6992523887657,62.9259603460906,6.30392128452841,144.466187522964,pomegranate
22.7512550366815,53.0505342236955,62.3184744163037,33.9993281844069,66.1082541994323,7.29326197309106,70.9968083915286,pomegranate
97.3855022515103,30.1314418484138,63.3506659643495,20.0487173744704,58.606636055562,5.70963017186598,85.8078089988827,pomegranate
117.627534064291,81.7149910664721,67.7001275553834,16.5261382430448,71.0746197360915,6.54918997131716,243.050141363894,pomegranate
117.497490559471,75.812063322315,72.4577654979461,20.6271755535282,49.7719834580887,6.16795168941279,228.912317188881,pomegranate
62.9161471048911,70.523289358487,32.8063672910474,19.0837721545639,53.6999649664853,7.13647410256624,207.064395536233,pomegranate
25.0195866753438,28.4841507386808,80.2827032912908,25.9029227825361,55.6824586147826,7.4708237424357,57.4450716410973,pomegranate
100.937065594335,63.9619772387491,48.622682142827,22.0331264040587,63.6133365256774,7.19061911929893,209.691924396759,pomegranate
31.1001272737515,49.9407211132072,47.1058995100231,31.378373604444,79.4814545472532,6.56110520151495,51.032905402143,pomegranate
91.5480886267256,78.4122387638373,61.8025342080754,22.2605647739305,65.3194813827609,5.99604277335854,112.3856458079,pomegranate
69.5101906124084,44.9077699123452,18.3773082696727,17.1807427062563,52.8960115592443,6.34517536631095,234.476689516789,pomegranate
86.5385504097392,75.6199134446773,52.1812541117804,21.8409604983595,64.2632401498329,7.2676673306933,74.7768924267855,pomegranate
34.8126076044573,37.2400952629932,80.0791720231432,28.8482875255161,61.9899828275619,5.68305135992498,106.813641645393,pomegranate
45.7282103065998,73.6576774640277,41.9688949254197,23.5415601863254,52.945800273654,6.98601419175324,110.290145902098,pomegranate
57.5898899685544,31.1201932379604,27.7482530301196,30.7168787697874,73.1825718042359,6.97675643650664,105.996437462045,pomegranate
43.8177591580049,44.5661415693192,31.9833429423083,19.763255540637,59.0224844422296,7.26395461790448,133.579311414426,pomegranate
87.9010095856623,84.1995947408488,48.3809458712959,21.7636508432979,69.1023520934872,7.2738667902415,159.144510146763,pomegranate
71.4651793760551,69.1124139256368,61.9429703694503,16.479777135644,47.0423068022552,5.55306670630959,89.942158642198,pomegranate
84.0626155603969,63.0381866791463,62.7371388197584,34.9778716824846,70.5811264275485,6.68272898680658,100.792186926488,pomegranate
75.6246502583961,37.9234298076124,53.9342860500022,31.0358525980431,46.5454951191999,7.20267099966419,231.08918173755,pomegranate
110.842442117092,64.9666618066685,46.7976119470771,16.3188881712588,49.4296766954612,7.24508885934255,161.437121513969,pomegranate
106.822603403974,82.6719417761415,21.2226827005961,27.8193103022963,78.5233165340141,7.034720340527,220.861892244249,pomegranate
72.5097241404046,50.9203230407649,64.829855719502,26.6178955564359,72.0330189294336,5.65289789352235,165.485801554977,pomegranate
96.9099436127161,54.8528047114857,31.7488435035333,29.8628257843027,53.0775766997028,5.81225832845655,65.7803545872589,pomegranate
77.8452061665455,83.6533255100499,52.5472938583918,25.0252697663499,41.6019052879894,6.81481265151632,167.307748243822,pomegranate
25.1821901487104,27.3089810541407,15.5631113753482,33.9389467141307,46.9295015567585,6.81909559169742,202.204025528489,pomegranate
95.4578061287561,57.445092707614,40.0549648306588,31.4701377304597,77.0801945412905,6.35647899697371,46.5413448477822,pomegranate
103.753883458559,77.5479203777145,30.4628496456253,23.6722116398961,74.8698948881914,6.12479409697689,69.2582468591902,pomegranate
32.6423213689785,27.1985925069072,37.5962183543463,33.378711109226,72.2386869449349,6.41101682787343,100.852534198599,pomegranate
118.773270332615,54.2004443910906,24.7791418758124,31.4095161093443,44.9479230027403,6.01003946667073,139.387821382558,pomegranate
49.5141774832803,66.3048506790329,59.3763209480682,26.1571188323,58.760551791061,7.1503026288237,43.0494887163162,pomegranate
116.75964000484,80.5072899118565,79.3744081884503,24.3321698481832,72.755034958364,5.68322866418549,195.591777686771,pomegranate
27.6317564154192,35.2393648145904,19.7357034425883,20.2142268443546,55.5254174771371,6.43380477509173,234.333724437437,banana
20.1379856840419,64.8193063097165,16.9608246171665,23.7514731608105,49.1817721860398,6.4652522983799,201.037525171897,banana
24.0558103956542,27.4580833769674,15.212175673904,29.281009572689,47.7948894318169,6.61574784252595,153.903382548086,banana
34.053837123352,56.9560327972081,76.3028248265864,22.1597080431691,61.9260580334468,5.74960722040832,73.3536308646918,banana
53.3641282438134,42.2534973324526,46.6628944136495,34.7705119940315,56.3752336829785,6.59772149058884,231.39717922611,banana
43.7013494706253,15.7639296379704,54.1835124274639,30.2988913447125,75.4652805605276,6.59575330423925,101.690002778401,banana
21.8569304616456,58.474852949602,23.4197598502132,19.2572353800094,55.4136324349854,5.99535203375637,234.678042179289,banana
86.3115081686114,83.3282657309101,67.67906096423,26.0933980117987,64.0183184873398,5.89703233465414,236.513630513341,banana
92.8541650217279,25.3518612754307,78.1908158041494,32.1552708638624,55.3944449803766,7.03314374831186,180.22510062448,banana
48.2072612215799,56.0547773754479,46.4333640837266,31.8029060013606,82.0194431752988,7.21086043757892,208.744367942561,banana
34.6176921737463,45.4613294245029,81.4374137979175,22.7020483872397,40.4498771114507,5.99727028352081,65.6135039895836,banana
118.101474809508,70.4377885444266,25.158654321059,17.8944113770939,79.4707416996689,5.96357703509907,180.810502157924,banana
68.6565395019281,65.9815239421937,45.3698989378148,31.6030734202839,55.7655060085307,7.45127189250256,146.779087342685,banana
108.015085453175,62.5630818552166,78.5026716829756,23.920371368956,75.1587150083663,6.7520466871802,194.664305404138,banana
23.0250944676926,63.6987380188418,41.0901528252708,23.1751952265274,57.6510609139926,5.74698737368313,148.557013589217,banana
67.333670383009,74.2761681900714,26.8697236859564,25.4748628337285,82.7446461504999,7.12762025260721,196.980649445663,banana
63.6425909137552,70.6081845521034,64.9130082036895,24.2994236803145,64.0652510472877,7.49442474730053,207.056515611269,banana
107.591566791568,11.2153887381849,15.6994140337684,26.6684165185636,79.5907422642181,6.09014552952263,95.8654741132005,banana
98.622809461608,13.3539909885051,80.735869563993,19.5738498235931,68.0175309176638,6.27094474843282,239.660398717812,banana
28.4238131569809,71.7925731380436,66.517256526983,24.697635904745,44.8732673818587,5.80717608160673,42.77802514973,banana
109.631694690153,31.1430574306953,36.4487370529439,23.0092710480137,47.2821618976454,7.02188988473354,133.182238532781,banana
109.943621628892,25.531043976327,83.6733169102451,19.930428427146,68.2964936472925,7.38197895040828,72.4104081198622,banana
85.6041866008212,39.0179871902885,72.7737254778732,25.2490305110109,77.2789414936113,6.00182418548587,184.292807934942,banana
96.152721501958,28.4386904251011,35.6535455354739,21.5453845479271,59.275198843924,7.09352619740811,113.959433289226,banana
118.519514267575,88.1665733448074,83.6062572144932,23.5297705179685,77.9630949781104,7.06455705201465,245.715731412971,banana
95.090414134362,66.2864879780852,27.8070091469246,29.3593690518101,64.0357520077544,7.14460224362305,226.226294448705,banana
104.778683765223,86.642917318569,83.7519748875648,34.8760165646095,60.0017304555521,7.0928570533138,129.921215767936,banana
60.9682324346938,82.8497497704112,83.0701188780694,20.5974781725544,80.6204176627195,6.15224016395036,68.3058436952093,banana
23.3804587569928,10.90879030568,20.123602750303,29.6697613572095,83.3881829648224,5.6830743356529,231.990625458765,banana
41.7055882893994,10.0766396522879,72.4023026821214,30.7037327418587,47.1419927138565,5.8494731114942,230.078922179564,banana
85.9143740152541,61.3905329496556,70.613815107203,20.8858619937142,59.2874936919135,7.10063346177369,231.885479247144,banana
47.2447163831651,35.0303664547533,38.3427879416117,34.6770970614986,40.0150557421218,7.34798302401229,160.85769184905,banana
26.6460294679953,10.6127295273415,25.2630232089493,33.8189676957293,60.5271299814466,7.1896179782644,190.590906292475,banana
89.2221220905064,18.7810358818532,83.9136269311018,26.3989195746365,72.8843779293282,7.445101609428,172.453500499229,banana
115.707847082851,22.9710539490781,29.6029933796278,20.7154389963092,67.9761386909411,6.54611708179401,197.613102680823,banana
46.8240210259445,24.235775738133,83.9906566259408,24.4812995425804,63.6611507989751,5.94209870902919,199.885058985038,banana
89.8480298136585,69.1780740670758,67.4743250349883,34.2769454323114,47.5395545119138,6.17745651056872,71.6250735249487,banana
119.329887656183,63.8734622550539,74.0966776614528,29.0510501032933,54.8467404976705,5.8760763417818,243.05372904197,banana
73.2618713347529,74.8002150584013,65.704298466772,28.9569403389268,77.2494666777781,6.06601884521824,106.227425530659,banana
35.074140632094,19.9883366422673,63.8658032281631,22.572852022747,58.0419836999113,7.14994846826882,207.626217728307,banana
102.971192236511,22.8827046662954,47.6818385360212,33.6071018588762,68.0691835577922,7.41148426007083,248.685593781381,banana
57.0037022684718,28.7877735955584,57.4269094981378,26.2643659632953,68.5220147243338,6.46027073308838,242.393714796004,banana
68.8719896175303,39.1500751064858,55.8253611255555,20.8352880858981,55.0759166502747,7.06723212989384,194.480514351502,banana
56.7944508496646,30.89869503905,69.3352572127875,28.9607484983098,82.2117969357463,6.39197746147028,155.025167281285,banana
81.4871717810105,14.1240249220859,55.9643269334754,30.3322536942234,63.1189309517475,6.20475100758707,74.3532603813118,banana
71.2384469859481,40.1883875719218,69.0538188554597,29.1233586399459,50.4533218384969,7.446363192958,74.1421550391904,banana
77.5155518285537,19.4598731070104,24.4240103147104,18.8788675348642,76.1293325229219,6.2031781974729,179.024517130584,banana
96.0478269197269,19.1890766886943,21.0814737789712,16.3182520220607,41.8611176134372,5.62519717501718,136.971156912377,banana
109.980012034057,65.2532357979814,31.2622367619827,28.7143940542426,62.9389029685123,6.39200406190567,198.584714023669,banana
38.3296858418405,11.6715229310428,70.7623929417517,17.4013705655939,45.7491938237796,7.10038528013992,245.030439526323,banana
118.702109418205,74.8817625943952,55.9917530608325,17.0544865830124,76.4695510810565,6.64607961249821,206.485687944333,banana
34.2985274150495,61.3271393120881,50.2865833720596,17.7033175168109,44.247983439941,7.27143476334002,219.422624208696,banana
113.668685291739,49.8661178908619,64.0490058525694,24.4479170392491,53.0399612328224,6.90363908065652,168.642713398972,banana
88.6689397174255,53.1903795354024,16.4313760499616,29.4508528311042,63.7230804486773,6.3148327715764,122.290318572098,banana
29.7354377199595,37.0418484262386,20.171239392446,28.5022838662855,64.8128406399921,6.87137216765963,202.426006753196,banana
50.3841426178739,50.1025379635871,82.423179036669,19.6184740143914,62.030145156677,6.8379568473147,198.931117699915,banana
24.9076206073666,68.2578895884836,53.538767881011,23.3070753460317,65.2128092177272,7.30154371252355,91.7881011552122,banana
72.2567563002262,17.672442387637,60.3370873422069,31.7596589293143,44.4267894883765,6.22750215359382,103.069656371637,banana
47.1142288237411,55.2118594409953,41.6127181316785,20.6650980588352,47.4530539207408,6.30186066068796,49.582488359689,banana
50.3566136073119,44.4175359767012,47.2036177768389,25.8600634666439,49.0014084028087,5.66187254719523,172.897539615118,banana
119.704474909093,69.0009449324575,31.9030505870017,31.0043627005091,41.477850250191,7.21153900665768,173.898770131124,banana
101.165612433648,47.5915521930864,36.5032211977538,34.3378983248667,62.799003828689,5.79049730873224,160.70523098144,banana
44.211757548252,44.0961737717018,73.5991872793991,24.0604671784958,54.4870753164809,6.44625095601485,46.866818967679,banana
113.61334815324,56.6405267485606,81.3368158444468,21.4787072159716,52.0621641991018,6.92236789847834,196.557114700115,banana
49.8004420147279,17.2401715476253,76.0645415778572,22.2050670288527,76.8926012198872,6.72752915752471,150.359790921379,banana
55.8393718189743,42.4960420059487,17.6435368008183,16.3106396614158,62.8591708060629,6.82543701181441,136.492094419194,banana
29.5253840598862,15.8394250673425,37.1451990688896,28.1795778186897,51.5056754190036,6.44168816550713,52.9041977240258,banana
20.4017027562492,59.8336348542169,21.2985870085184,32.5619258161457,67.3514858015587,6.70029257759465,52.7913661872928,banana
35.4505227298711,33.5042682772057,48.339794195881,30.2958604671507,46.5063499340351,7.28420624220008,147.866857879733,banana
57.9392258068264,44.7870624227389,57.4649095360492,28.7361789372452,63.9167834021695,5.59852800057201,225.582010031483,banana
22.0001647071914,73.9493148326638,42.1243963097801,31.2790686712968,76.4683137445097,6.6464259480808,216.584724596043,banana
71.0013771015226,60.5047048863511,61.5469528904869,15.2473283467103,50.8152939918522,6.8681230188199,101.737352442805,banana
66.7581708667605,72.5896623649586,48.7509942444744,19.2404957414793,40.6128230484262,6.42922309270558,82.8165830871168,banana
31.2397171609289,54.9185629770712,36.0517271799276,22.2679203875679,74.6776923163224,7.39166891942344,190.330932331426,banana
83.8154533057545,66.7774737518176,83.0518960850555,29.4839520074818,58.9711037110403,5.85544940659564,246.643229903021,banana
102.355400026941,66.1990750842723,19.4900000069709,30.9480764697995,41.2119991640616,5.94006325325,175.343205819532,banana
86.2494542385682,74.9061043490218,67.6698624215414,33.0849137520813,49.3618725260542,5.93932862320884,231.480215374138,banana
85.2467500722253,19.9587603332283,48.2348911851807,25.3573157127748,66.3093604269947,6.85967073280349,230.596939847151,banana
43.7884398194907,16.94019329126,46.5390189930513,15.795831745861,68.2320331447907,5.75003611680588,223.090439971113,banana
112.159038918167,65.4229220633502,35.1718171872999,31.3751956803609,62.7851562750457,6.11994402418842,175.24581876362,banana
27.9882341008579,43.4411362714326,44.0234674508793,34.733699504162,51.0060963877505,6.61879406921509,134.479552136957,banana
95.0155732850617,53.8649882952985,47.1405232242032,26.2514754623414,72.6776566648286,7.10810206625988,246.994276790411,banana
78.5233917732366,49.7908627427141,29.4432270314746,31.7385525706869,62.4050201603235,5.65282181005591,162.990616435646,banana
81.5736022412654,59.0868354444796,68.0328565337848,22.9910960085649,44.2756105699928,7.04526443665161,195.589872172843,banana
31.8539778570896,47.1406231248475,20.9840132510215,29.0340961115594,80.9361534779594,6.03556568200494,160.242883539872,banana
90.6470300772446,14.8130556963445,52.1826567301446,21.8014506841085,45.4197249307389,6.41540369247804,142.423019722301,banana
73.8440062449519,89.3125665929693,48.4052469923185,33.0241673244276,54.4435161372849,7.27234441124478,110.634859004354,banana
39.5400741507951,16.546960178086,83.7282508838588,15.168949384321,50.5102498179815,5.61671621264737,137.470726905144,banana
100.442876033691,62.5606981909651,56.0991122345902,17.9913270301145,75.4044167326784,6.91799695203919,172.639350398741,banana
28.4054564630638,39.8931542550647,75.2608277277373,31.3295569719419,64.1320686457362,6.32620374524323,224.540359561583,banana
63.7222588079619,64.0120803443771,49.7798566030245,22.5490201020376,67.8419076455021,5.69588187346043,56.2321515922584,banana
82.217836064388,32.4315537616757,49.8842503944804,30.4809308589813,79.8907005716538,6.30909536350942,233.859197783218,banana
58.2420786834518,18.292299848186,63.5280135453343,28.5226238488791,49.4241130605452,5.7168776822355,229.428723491462,banana
60.3154468817243,85.5240508520622,28.335432788979,21.6734703102491,73.6916516598741,7.21222542212914,135.420954541965,banana
81.7742654223807,59.30790773095,20.9311362337,30.6939766629105,61.2881649850347,6.41518570897877,199.21741221995,banana
60.6685997921362,48.7981648923821,59.1697524879918,27.2970409655464,83.2187726317061,6.27370071726558,78.2725839355367,banana
57.6614305366117,17.1026992458397,41.2863865989663,33.0060960715665,53.7002857419198,6.91695383443355,187.343093337185,banana
47.0010680085984,23.4089304941748,24.8242659307198,21.5368691489738,53.709836417674,7.45344415304877,47.1543050450991,banana
93.1100368653937,34.5079129303377,18.0644242712597,32.4001137713902,50.8822701549541,6.74582092428851,40.9314983482154,banana
86.4045575384072,43.0892733266062,84.2543396862477,23.2677935940529,82.6129672269397,5.82992176726922,244.904305671763,banana
81.8676686947549,14.98086977982,19.2895400916643,19.9801513017063,72.4714817118233,6.93958228148501,45.5734343247364,mango
105.526689507778,75.1989099314431,45.3358098353892,23.8850515190908,46.6436107231507,7.00550344004552,113.023714568943,mango
64.873721545969,85.5507089176917,47.0498762987786,18.3681460299381,61.6391850084249,6.94822006833191,181.872982146159,mango
37.8628149525555,56.9775179619796,67.1392451795466,29.3717788785565,74.377295341984,5.85562938654592,189.639433296229,mango
87.5167823990419,40.8937679002498,49.0840586712975,22.1499193399911,64.4582215111974,6.95179797776593,176.780138559071,mango
30.5350758929435,16.3254009589206,20.4485124654363,26.6614909803781,51.5618921101847,5.5150559116225,223.925029450993,mango
69.1362537486182,58.8327022124234,44.802717883048,16.883848636357,79.1571433954673,6.8134074645645,85.2147555841202,mango
66.9232055111431,52.519386728536,32.1487664744019,24.3216809860066,59.8382882260896,6.10029831929146,132.410192858619,mango
67.5041897723005,35.3146227567059,52.1293034810244,34.1529717199285,64.3889401361295,6.12794286693816,77.820804928346,mango
62.8814275389916,85.7162870446762,21.0729626268488,27.0823952053126,41.2083729012908,6.89279596199877,112.111155871354,mango
106.531634948464,40.401558666677,55.9732926734599,19.4787968436623,72.2461935259617,7.09950431138254,184.325778528268,mango
117.681019686945,35.527459767427,58.707755847698,32.8756230873408,63.4499932445819,6.49452074011533,83.2465114645877,mango
105.467976464642,29.354619653595,77.3988342389459,17.0533036822701,59.1587423156755,5.92257091143288,172.36486085335,mango
96.2634727527683,53.7933816964707,58.7798174115735,29.2990897662468,71.2100435053976,6.89146880497759,53.1351350402157,mango
86.3955189596841,37.119720292799,49.3050870086556,31.866120219634,83.2137588077289,7.24384380678825,166.822298181626,mango
35.1472850773238,62.7719700582195,31.950094498205,29.4853754222791,62.5178651779508,7.00556585076524,144.628657179246,mango
119.733953736599,82.4817687238016,19.4707202140571,15.4173097295767,76.7519978535138,7.44832660441675,160.568247256134,mango
90.4520842388515,25.6275753004605,50.1018203306486,27.0220580380513,61.8300636377326,6.92615519064765,61.5631406109608,mango
103.260221212758,86.7925431564416,50.6289747709543,15.4605111202507,44.6807988941114,6.74943469988622,105.699551527248,mango
118.009674343285,20.7459072446199,18.5332600369739,26.2161041941569,68.1402309998592,6.7040401265044,187.673451913369,mango
78.2283119942193,61.941416846561,41.4877489099688,33.5070565056554,60.6326138650219,5.76415432070575,200.711989933956,mango
84.1395162158364,54.9246825114473,63.5862301283452,32.536909178615,72.4706995126189,6.47682750270554,241.481212913748,mango
34.3651812404232,89.089447632008,31.9542176355395,24.5038645199984,47.1479938631635,6.50246816733967,106.962834115588,mango
89.9742836272224,68.6527082597151,64.0870250570993,22.9275850150397,45.7629508947781,5.87075338716188,43.6209867259585,mango
97.1698268489772,11.0713830595237,47.2042193739695,18.8274519349576,56.7464457530279,7.24185519374062,65.6699217137275,mango
74.6076980673744,19.8446530522055,62.3025053633854,15.5321998989825,66.1450195736927,6.17477286359052,80.1534804935351,mango
59.8348258062428,75.1917081629819,25.2326067957248,22.6489330584411,46.1336619365651,6.20684132012857,215.65343551601,mango
34.5705745157649,74.6617627444965,20.9928388595548,24.3298831718647,44.5353690812063,6.26867255045505,225.333459570694,mango
111.610885733557,64.1722558318508,52.0281502171551,21.6087390978861,82.6015210047371,6.99610479245712,222.636347670404,mango
74.8166243149045,28.7222980050008,62.983100352801,21.9885572264849,67.7868769517107,7.17439324952401,165.490714663403,mango
106.555993224753,55.3162425967475,46.4008261735555,26.556877461987,47.3731443343559,5.75532717735289,103.292861424057,mango
111.826250120917,54.4050494415709,15.975281848095,34.8352395369835,77.4380215082495,5.86159572580904,171.458429899746,mango
40.5120253937841,39.9558634450454,65.7414906708251,20.4271451874763,61.8966094739254,5.9793948775527,172.293305901016,mango
64.5904965254434,21.7421201671204,63.7321128038373,27.6859993639803,66.5200316005014,6.14302031260124,218.53822313181,mango
78.0867626974763,46.8565787919129,17.3113154118468,25.3763488821575,63.2300815886027,5.97774019859626,98.8306207111248,mango
44.1819001846862,60.9623002125706,77.205519984572,33.7387665541557,51.5502708947986,6.66229141092035,249.547734786546,mango
32.2090079878499,51.2032781360686,38.7072484631591,17.2948886651056,65.526453999582,5.98740874067294,112.039657734353,mango
105.958043199944,86.8475539222581,20.4649421365303,17.6178966567935,66.8874633693544,7.43521341678464,128.12754306855,mango
61.9676530370338,70.1928152796779,81.0480733430237,26.4902723261576,76.276904456912,6.40242512659283,110.852923589224,mango
29.4355883120725,88.4731044985694,48.1061172918911,21.3146399642875,82.3867493622875,6.19169342084401,242.293262939105,mango
93.7419540405935,76.8982522128607,38.4093252166218,19.5983727018341,69.6348279992281,6.76424353442352,108.001125928946,mango
83.1735525388147,38.5998449607752,51.3688874460612,15.4415900448531,43.5012603683869,6.51427205140436,191.470310944817,mango
70.0112810870685,86.3958551717903,42.1545827887741,33.3744969863326,52.2068525907615,7.22098169183404,212.64991901007,mango
108.461856166116,85.6085104474837,40.3697297979937,24.0103850835051,45.8469913973692,6.82090296378401,45.8241813191325,mango
73.412717046874,79.2584356243063,70.9308704528636,27.5065353943531,80.4035946961509,6.25948947424045,65.6537872346369,mango
32.4366271367467,69.4921336227526,78.0683338423578,33.7789490533895,55.096822353125,5.69168016323432,205.46761104626,mango
59.4912128986284,43.9190695965286,53.6703879845656,29.5669529282334,82.4834441917406,6.73221535851816,164.791045172508,mango
22.5965616584739,16.801753717848,42.7905004228421,28.4132874540115,61.8410139027243,5.78231756122891,219.088205536403,mango
109.112177206721,87.7595376212893,69.5579566641515,25.5723718230484,83.725162839389,6.09216137723632,60.4977545330756,mango
69.1767616705861,67.6434479922258,42.7726912767499,18.5989625209938,45.7326079861878,6.69825260676362,118.906773295676,mango
41.1296519362971,48.9557130816186,83.5844177653009,33.7155689945051,74.4092843934937,5.56840293298867,142.838350861724,mango
72.111801063694,74.7992477867749,65.552012543451,18.7171320913905,41.9954711184816,6.36698224901547,146.71392631564,mango
98.0708523830729,42.1604228914531,81.8263677911956,23.2500359081896,50.7363680427598,6.03871982569747,88.9813448530535,mango
97.1657450018291,19.7261453465215,43.7230203061937,22.276293117216,75.989172684955,6.88066530012557,229.660347578889,mango
90.3445270053784,22.454510523218,53.3879664253387,31.3337049802457,40.7641619144772,5.93699306549364,211.080510416571,mango
79.8075507952867,43.3783801800471,66.4420146082724,29.4141020041025,44.8130791354054,6.2261890921398,117.700789900357,mango
36.200362293143,14.5782218522291,38.9933390608026,33.5465296537366,78.8165303849692,6.67889360207081,189.322409503778,mango
51.8537813759659,45.3672268406335,68.7212431448145,32.7761066415236,54.8394875739885,5.78500408040593,132.324204562383,mango
56.5369596688715,55.5558828104082,55.037465570512,34.2978274260172,55.4740967394198,6.6731238407889,211.711275522463,mango
85.4309215794461,23.9017669921283,40.8419948890069,15.5472485351131,49.6747566292411,6.88698491332446,78.352933334351,mango
118.477553389258,27.5821179233408,63.425768664305,17.632572847713,80.7819415050475,7.22648147573996,168.027303688241,mango
26.4349043678655,15.4053499947327,45.5541721221777,33.7433965777715,44.5398632062319,5.88417083881058,120.830565821766,mango
91.3591046032305,72.476255177742,79.9515941855272,28.7442997068839,43.4197521644736,6.25006005575418,88.868241365472,mango
104.778121712049,23.033770328869,67.9069610232985,30.2617699537714,74.9439681553952,6.60466204169423,146.615825498763,mango
108.345568575126,87.8872504820522,77.9974839151825,27.9518994469903,80.3179454967929,6.55685215399454,110.090078772088,mango
42.2313861466159,16.051970834868,68.0023682783369,23.4700204750849,52.5667586049842,7.15997048451564,103.214316132113,mango
70.1881660195944,20.8380496552391,16.94050796886,19.8596593480835,57.7514425445122,6.36553056857806,237.550815650053,mango
59.2818897679829,45.3033150896911,38.8103208988022,17.7800019843411,54.3308092953315,7.39985420922742,68.7688065221388,mango
25.6854344930898,84.8786373040074,40.7978101287958,17.5946548220677,53.9909372660289,5.70391883989979,77.9876051647531,mango
29.3976243908506,52.9219293794231,35.2702399577341,19.098630093084,69.864670408361,5.60229035285408,143.168208758891,mango
90.5303554285925,23.6562581796461,33.4599773112964,30.9346638042175,64.5270153528671,7.36337071650818,112.638906954154,mango
22.7446508420374,68.2473749193584,51.4073871199076,22.6411224937258,45.3804581451139,6.63395247474963,143.033725495,mango
73.2299192404514,54.7853291615775,50.6016411192723,26.5498383117606,66.0324537572602,5.89353592618999,74.7464984724049,mango
33.9666669135758,41.0909235994755,35.5637797855603,34.3670317062023,72.7611620038567,5.74025439016533,125.660137420362,mango
79.89515034477,69.0517348698581,17.6636023924982,29.6163431716228,57.1729048537896,6.39888197039202,184.37822211272,mango
47.0588211375563,16.1146783857209,38.9586836304323,30.4683528633175,40.8208785861828,7.08218951969509,46.1756456672101,mango
40.7890779808113,77.8747691530151,67.3373631491965,18.8268796092956,64.0742432158786,6.88051313971193,157.952180815838,mango
117.670750272307,72.4783986725278,58.9207712346319,16.7032074004892,78.4469745999421,6.15163533606177,158.783745881535,mango
98.2066682252133,87.5956543151269,72.9867123430533,31.3403792662268,76.5201173427143,7.37598828127421,129.983951044261,mango
118.994550061875,48.5643254027536,60.5867276273606,29.7589125739219,45.2890863480461,7.10624288935505,94.9593060160798,mango
68.3383134698208,23.3062371301028,71.2851990695508,26.2051445204789,58.2552941461351,5.77210336004947,235.672936758805,mango
74.0201930580755,53.6873332987015,69.3905323391736,18.8608527946569,59.3441781352014,7.19245672956689,170.671240152172,mango
115.716670246663,42.8489498947044,60.1959751989674,25.5448578905989,45.5630492724306,5.74375691648748,142.58952111592,mango
30.6487800882425,51.1108243284332,81.9479075898174,19.1336716637638,78.3895278644699,6.7018256630757,85.7685086297656,mango
56.6380546878269,17.7150120249554,46.7378846238078,23.3489586079255,79.9210806330298,6.09993214095008,143.598117285221,mango
81.4652019280313,75.8692253315212,51.7432200800363,23.974080201692,48.5394694602766,6.76772199164504,90.7915978509894,mango
62.3854012705318,14.1099200044339,58.6783426504947,22.6337507588946,44.1294599134146,7.11250200849609,46.883547611946,mango
27.1442193850615,10.446574203878,29.7491913916307,34.8782387002736,70.6559343895204,7.04637890381104,119.148020101314,mango
85.244266002087,77.8140474054097,39.7501549985028,26.0514516807401,64.0812481819099,6.92766122027657,76.502490577522,mango
64.9654015921826,35.8887402461324,69.2916296535598,25.8547100009651,64.5818032438782,5.75783926539954,111.928083469126,mango
78.7246557039789,19.6602915644926,20.4977219111741,33.6771465831795,61.9607858089548,5.9933135549041,183.353095517193,mango
66.2511304049991,36.5937885020831,72.7497231670421,30.2266968671357,75.7597822280413,5.87033296207447,101.937054135807,mango
29.0855472763467,29.4156494082025,44.647519676782,19.1178427748931,63.7049478356284,5.73285806841816,242.063965444483,mango
117.568972407639,23.7063600931812,77.7291998233316,28.0925427903852,81.4013673557906,5.63608673593779,244.581999324533,mango
92.7764746978769,77.8705291393541,73.7266426527531,25.9100696309051,70.4799117196723,6.88052822993162,141.681083730273,mango
108.482853299232,20.5731079776646,19.203822409829,18.8645104802514,63.6939703504061,6.88852309127735,79.8855847538847,mango
71.5253236291582,52.2862078073836,70.3866418476154,29.8095404239416,63.7898858095472,7.25776606134966,115.347694063255,mango
28.0913635474124,38.1646971163176,38.5790352912522,15.3897135147777,40.5620769320811,6.26061064785375,168.426934922313,mango
114.942414339139,24.59259667182,34.5461132747802,26.3597415347396,48.0376034267422,6.91686758278723,194.296776984956,mango
68.4040742034111,88.8835205877589,30.1081953268071,17.3466091148307,62.2706064732143,7.12148543243366,83.2656573519416,mango
31.0531767881723,39.0785111622319,15.8866630312459,15.004878882321,58.9975369856681,7.04455600657712,136.691662434811,grapes
84.275190357247,18.39149482939,78.9905082825527,22.8273251316637,48.5122151782327,6.73080290725026,175.838733415976,grapes
69.6322900287957,50.1686941274296,51.8212464064459,28.2968154611517,53.948145596752,7.24527760769486,236.434921816194,grapes
114.975639132306,72.4659532971987,58.7666913092913,21.9583852994062,84.3622489410277,6.41036959779932,46.5546237940689,grapes
74.2533590245309,56.0325103094953,58.6202595818882,15.6752352605924,43.0663141506102,5.80554320677442,243.780192194404,grapes
118.857732442607,35.9341397257215,16.3469212135984,26.8064621984057,67.361229428724,5.80224069035716,104.401170361974,grapes
27.7513773030375,39.2064057054028,27.3634574107656,34.789061443782,44.1864551995818,5.67579089113315,247.420746766692,grapes
68.3935330754116,65.1850844804128,46.6742777878764,18.6988715006499,82.2146760566228,6.04124510034045,73.7628290773196,grapes
78.2656973312915,40.9942533965196,60.6627275402018,23.7267946865069,54.2691941975007,6.35844798705468,61.0458457987038,grapes
72.9487306498684,33.2802842293309,40.0323145487496,17.4204004567212,60.8183432607066,6.85293848782449,146.626570930996,grapes
37.7931930021351,50.5420859346828,20.2162364196108,29.0386294080124,72.4683306400982,6.757464299564,223.170949841463,grapes
61.5744344897449,45.8894101697437,40.0926334946848,32.8559083295315,56.5280208999887,5.58698930502263,52.3056344931506,grapes
108.559282286353,23.6525506217277,74.4172731597988,17.6007280417721,79.6967073947642,7.11921298206747,125.243273733763,grapes
113.674857911502,39.3533641981675,25.778836291646,20.8186823249882,72.4853358243058,5.91290785298353,155.085557971655,grapes
27.4076518450899,75.5213061280182,75.7903134547129,27.6080497506112,58.5141790744449,6.45994453176853,104.260714153881,grapes
38.3037481821625,40.2377615637322,48.8108473242311,19.3317090740109,68.8850680174702,6.07706551653196,75.0516519672478,grapes
113.88105403347,33.5086789091624,53.0481022494138,33.9960770211164,57.3578203457211,5.58324010767194,175.217841563382,grapes
32.0346670095039,50.7029044445152,84.3688534523215,26.6096159404188,79.0088238795329,5.70365044949746,90.6485036903287,grapes
33.9859021706441,83.6427430033883,43.769814790585,34.9924421403522,59.0025200480607,6.14843230352198,111.750243553775,grapes
82.9601300521568,49.2026514742536,33.367505026221,34.117263033575,65.3585073982172,7.00518971751686,187.5366216188,grapes
99.2684863224945,39.2644866692203,78.9415663871642,19.8051730565751,63.4483179745489,5.97801544539538,249.566988143868,grapes
27.3058566112564,58.835124619694,38.879118563551,21.7233402127043,47.4175242695108,7.30826396579308,240.283268154731,grapes
51.0230021043788,80.1959542884473,18.4945183356733,25.8912689755164,57.0166168510991,5.62964009965288,49.0674766241887,grapes
65.7437732004299,15.7611800384527,30.1874342678056,19.3922435419598,83.3942472927245,7.15048960393783,104.933940360757,grapes
100.382534293636,32.4921111122203,84.5758489563949,31.4441390877795,53.0061337784893,7.3826782851865,108.80897944272,grapes
34.2980222191187,16.2026137887512,38.8155500934532,21.9157804022151,78.8267875922969,5.986490624252,54.0280956747141,grapes
51.0095229796178,15.5893671166102,61.4418567467676,20.1488870126889,58.9037875989004,6.27587595618138,107.067968690334,grapes
81.2583714822579,26.9976990749117,43.7909792032051,18.7075069098303,70.9498664019396,6.81875376185344,110.401897556336,grapes
49.3791332884594,65.7190081364098,16.4452533011535,26.1351425252553,58.6193314327948,6.87745759793439,96.5389768670029,grapes
52.9287668843422,37.7751652653213,50.9772039372368,32.5161735515651,83.3256778136481,6.75213608297153,75.1224577590462,grapes
99.99167562462,66.7759637053944,28.9142100065547,25.3065907816899,76.9708631965196,7.45275600904261,70.9419254637053,grapes
20.2147661523031,54.2806600240435,82.3517478524483,25.8846487528107,59.6788070745202,7.4796759206707,80.160741903894,grapes
26.8680150466356,56.6112797179312,59.5782126228224,27.025007722911,52.6883017749937,7.4848293512989,218.329666754384,grapes
58.1045070654268,35.5660534769139,70.2322325693594,23.9810916264453,64.9532430921464,7.09513446483535,245.969587800079,grapes
92.2677523141111,21.9596032108923,41.7144971139331,24.1458265712232,74.2841471472216,5.80424296125036,210.66006130104,grapes
70.2771692118967,27.002021939029,61.9032064484913,32.3240014246311,70.7349494382436,5.87580925802505,101.245170985928,grapes
34.2979351404579,14.6782919413775,15.8767282035559,34.529121937011,71.450087738433,5.65598319012485,94.7275788591837,grapes
96.4548569342377,80.1702757879022,34.2190804002895,28.6166115727353,68.5144014626343,6.13612181909202,127.963053974306,grapes
59.0123877856007,42.7794027853661,19.639247043356,20.3411644908326,48.0464847446636,5.83306988251073,98.6887290602032,grapes
60.4013210164389,56.4425722725888,21.0858776355562,28.5087377454661,77.6972415869577,6.2571493390748,158.840776252952,grapes
57.0115722236277,87.3428641992355,66.4535220439795,26.9792677052223,76.2029520986615,6.61509043589006,89.9938010424347,grapes
46.1097019194205,72.1205764180611,48.0818939130203,32.1125134905393,72.3809036809862,6.94040008515138,241.207080297734,grapes
47.2366592787377,18.5661905298783,69.3522524947078,17.5643314153721,77.5327256985627,6.28759054596889,63.6560409952216,grapes
100.278273942079,58.3016678915833,56.9399292682949,25.0837620860356,40.9616359490723,5.52434706595929,195.18288966044,grapes
67.7946495859859,84.0466863634282,36.0713446704072,32.2234871784334,71.473761648626,6.88939812005935,122.830897892281,grapes
111.034264485833,53.1606381214972,20.7307035362957,31.5828663839879,74.2232061220441,5.86161193268449,67.0956403189784,grapes
83.3235329591313,57.4941178632407,43.8002785010265,24.1847026949677,60.0850704405853,6.14268236916637,67.6457896491726,grapes
67.345477178388,34.8384287323982,53.3054221553288,15.07311817262,84.315072844883,6.40652128816886,159.139926391253,grapes
56.3014953845653,20.8726774579252,21.6342696671534,30.6628071775952,64.5417258234423,6.498199156019,204.461609900213,grapes
105.092362568291,23.7263419915579,84.6115920923704,15.4031742366046,41.1475442145707,6.62739221338527,116.025029065099,grapes
76.7569405104765,65.5674845238996,35.9351276098448,16.4708975895638,49.5845187988991,7.46724191120232,75.6049560641893,grapes
21.0094375354282,25.0167437340211,18.1467078687375,26.5006957815498,71.0874556778406,6.71463904772636,40.9432620559555,grapes
81.5103220387876,70.3039114458039,75.026291520347,29.2927505794413,50.8647287175361,7.15419972858122,154.938815112663,grapes
60.3599508294649,88.9673529933055,18.2202072223743,19.3028801327119,70.6767874749735,6.19175267065491,204.285457820764,grapes
62.2097198396035,43.3584987527498,45.7353496042711,23.4166783226732,74.0940285050748,7.03924533889594,230.235927002614,grapes
81.5886802606232,29.8517651948388,80.1077720406967,30.435801798215,61.1337859817472,6.29557114597204,114.113321483188,grapes
114.81991715488,13.9857849124753,29.5673898861592,32.0907867313785,80.1301024365845,7.05731759851674,89.5222851119574,grapes
61.7780381821925,20.9546292251696,36.3864828000713,30.6812513320154,73.1468309080912,7.12939251383273,74.4336783301242,grapes
90.7501644132427,30.2456232999664,75.0880610989817,25.6256583661892,68.6985079123166,6.27447141184214,163.479407161232,grapes
97.0728062265892,58.4701237308188,25.7940611060681,33.6637454101181,77.6963584486844,5.69721271479373,249.835447734145,grapes
70.5651828137064,84.1925936910289,80.999320734292,30.4359745492395,59.3191431087065,5.88881422504262,135.634070716628,grapes
113.726960101038,77.0317912413887,40.2423269046668,30.7985266837285,65.524789123109,6.59298259722673,40.9065314805631,grapes
48.0048369094752,20.6844192047997,59.5739944673022,15.4209767097705,82.9716885639223,6.983830939738,230.760883279499,grapes
119.50767736859,15.7368125048172,31.8355020120905,31.6379013641914,40.4747440179227,7.02984680306625,77.2689329494112,grapes
64.3945764770706,14.3123757486755,79.4946446244114,16.0816639946223,70.6023598837677,5.97320797502678,231.546996273821,grapes
40.9525444176758,39.0138995037479,15.8584687397156,21.1456390219487,67.9130114977774,6.91713912012854,201.74872905563,grapes
61.5172900732221,49.8236962220742,66.8949608886125,16.4105416840923,77.8334983288466,6.66736072076827,143.042735565939,grapes
67.2321306575239,51.3943618728753,78.8496904512167,32.655408837672,56.0510899387538,5.68166251861568,147.220761434744,grapes
105.569726482765,66.1872213968016,80.7932561476684,23.3752884847928,59.3267669944683,6.05585845492587,143.598005610331,grapes
98.3992693658915,45.1402083202918,66.5090194118717,32.7433018841517,53.9449289994989,5.6843765257785,54.8098142327786,grapes
97.0881496263147,59.9606008315275,64.9636819073761,21.692745362731,41.500565941213,5.77630623070351,161.779813320273,grapes
77.3913953534287,49.9320469982606,68.2957588803469,18.3961091951449,48.1559368517045,6.87358283222354,244.041136221048,grapes
73.6475173447502,10.7370904836511,26.9918930493257,21.4672310866729,46.5597727692499,6.3031069984674,114.303917663313,grapes
86.0333476336828,15.7888143909112,77.1962268800457,18.8161086681374,59.3788149670599,6.05381641376476,172.547843485394,grapes
25.854359877228,10.4410759734181,27.8353392997921,25.6171419241545,62.1171443872699,6.34031353650629,187.302360165539,grapes
109.292201301685,25.8697240501036,53.3693221622935,21.4668995544626,82.8705164780237,7.36134236299495,99.1744953716055,grapes
40.3189679981763,24.2828540197959,32.4271275137677,19.9648133967839,66.6012015108025,6.54339875608841,91.9786792443966,grapes
63.0038972958009,55.1624301286239,54.4662477911758,18.2822916578885,71.0785643644997,6.93338949113776,63.215084184527,grapes
75.2147330507705,76.0199486026633,25.0682284310778,27.054111544068,78.756020881122,7.39744733176075,148.227774500022,grapes
69.3637137810531,56.240479520634,59.7263854484662,28.795018873082,51.9985591536381,6.04036929576675,175.146163690438,grapes
101.084208041934,59.8543667280368,15.0011603627359,18.8618916849894,61.1897042981301,5.6440897361115,136.000197234564,grapes
109.382450463894,61.164684990032,80.9795334497371,31.7900504250033,73.9843972977178,6.26732537372379,171.985971420997,grapes
64.0983073059927,59.5646760098472,40.6719759319313,31.0171466767868,71.6557910207919,6.68178358077155,111.56268332692,grapes
57.3122193093003,42.3441071213894,65.444758036381,16.8286647097341,84.1876382027695,7.0328259130627,189.006033855959,grapes
80.0529681239524,58.8008480746303,54.0942808329567,21.4900632698508,51.3181628572373,6.70792871956151,170.03134743312,grapes
114.135079250734,55.1029570610742,82.9713999051468,19.3950489183865,69.0092444880909,6.80680844714251,178.247793432441,grapes
38.5690795157892,26.1013656929607,68.4242139167265,17.1207215926241,65.4277440558317,7.27373145789547,51.0573535976267,grapes
115.844754388484,31.7764680188971,77.2225526870333,26.2634525034872,70.5681785873921,6.10555695584303,131.921176338532,grapes
41.8878245083093,32.3501740872628,22.1162944133935,24.7786960423825,53.753436018598,6.99518250836766,101.591912913877,grapes
22.9547961442521,40.7260029906062,51.0499550430337,25.0738819735469,75.0864247186512,5.51861546655121,144.922778916044,grapes
25.5771486859662,41.657801173468,55.6773421544011,16.1762429034227,82.1869405066534,6.86490371328076,79.3605935663733,grapes
40.3034267855358,86.5949075653194,83.9778009098851,23.3377307319724,79.5796252412627,6.81379695484126,174.837248844484,grapes
53.7804750696665,63.5676893096267,68.2931376822727,26.4444374532646,53.553364683666,5.86295401042465,191.719234959092,grapes
48.4409787172642,79.5486919905751,66.157235066014,21.7803593197746,80.761583622434,6.2300560049387,72.789995080228,grapes
101.719203377943,29.856295855649,57.1639386667702,30.7072530387469,79.4901098052459,6.60604356839603,229.561971975286,grapes
107.648333556786,34.6230977515798,50.3052336002259,29.8361058136616,67.9146979576511,6.00057697878246,43.3272352178242,grapes
52.1940831524292,19.301135432581,20.0433785864354,23.5216936788157,44.0811749543441,6.80242537208946,185.26607425663,grapes
91.4478921012245,70.2935055551555,80.2030558209881,24.5702489044379,77.2523827628476,7.05431946625669,201.985956934274,grapes
72.6363864786161,78.0229795295852,65.3855925427683,15.6334919485419,54.2840734376964,5.56257712843948,121.026869155945,grapes
90.9232646370881,40.6444139921313,59.2066719262892,15.0397846382297,44.6744511950176,6.97881216065903,136.877497177048,grapes
56.1807394475586,30.5576046651963,73.1291607386103,28.6171852115622,81.9034832119492,6.91325714039302,242.118480686154,watermelon
95.3094456974927,62.7015502623755,78.9053297433561,31.3024038524844,72.1216892391079,6.42879924593903,61.5697536811092,watermelon
69.4534878756169,63.6695803951796,36.4795144700816,15.994545352177,74.9137922981352,5.76262871467631,113.525088864157,watermelon
65.7501477774932,72.7653040656658,64.7091485279189,21.0580553422021,49.8549966327171,6.76000348630361,168.668718882216,watermelon
93.3209018005621,45.2419504687385,44.6866816420512,34.7363216708118,81.0312972571847,5.96084359123411,114.061020572698,watermelon
69.6698761124489,18.0844515227175,70.835722925065,32.9328442448437,43.1739023319324,7.11778548807734,202.386575640359,watermelon
39.1517865840121,74.5488717707567,30.1588083362015,27.0721707549282,65.5100023562601,6.06625824261748,85.0865311990895,watermelon
91.2185419961896,35.9738942356659,81.6583375011842,21.5602928430588,67.3641275346112,5.7224038886942,229.904242507137,watermelon
67.2403757494131,19.622871097933,41.4569545427603,29.2437718129921,43.4482072170117,6.19952154098988,44.1759421835541,watermelon
41.8244997420462,49.1070264014914,72.9812876358541,31.0401742141881,50.5290022308608,7.00008317246106,249.545584702653,watermelon
76.9814110905777,50.7357617657333,25.7159538756665,29.1066177627568,54.5089725984768,6.65370012594094,95.8565585063103,watermelon
117.770540368636,49.4861030762485,63.9505960554586,28.0422196784253,55.609267982938,6.2960208350774,44.4149555891822,watermelon
31.5850702913408,47.7466790181336,61.1161008971353,21.0742976544771,45.364893307148,6.39673121967201,45.1019507623752,watermelon
118.076975530981,43.5757352940625,27.9117535114809,34.8780867177425,60.6609388094679,7.00676793768386,244.387302368128,watermelon
51.8023067115817,41.0600236575399,71.1119878925905,21.6582222779553,63.9889390785196,5.93372329996606,69.8979749017851,watermelon
101.547665587416,73.9341527148775,58.5878627810571,20.7134021938375,64.0458346619484,6.77664460953169,143.886654299631,watermelon
82.6709600271056,64.2929811283448,19.2054324709836,29.5950841040328,82.8287658830307,7.49772368185116,61.5028018464813,watermelon
21.7004342291972,23.5602134156787,49.8805679589885,17.2951595216501,53.5754189377536,7.44708222800264,163.699314675154,watermelon
28.9500330895884,87.4905147019264,64.79985865755,32.2657927951151,77.0559742357842,6.0854214870303,178.533290679815,watermelon
30.5325992733858,81.815552186135,37.3439909016453,31.2757017352971,48.151694540005,7.25730457797521,103.078549878243,watermelon
87.2656578790702,12.8894149898036,16.2631341122385,26.6973593978665,76.4519487281572,6.55919329964518,114.352632558137,watermelon
94.1034427071472,19.9500811891398,33.4905091479842,25.1476324117499,73.9534957562357,7.24175714782521,103.213932213007,watermelon
41.8747628023265,34.2644799241165,30.2707196470679,19.6282311736738,50.949424119177,6.6066539069203,192.455028245437,watermelon
103.054547516189,82.9005761411509,44.5666328955286,29.2177157449619,55.5525202562811,7.17003203447444,149.490557582812,watermelon
98.0967861777622,69.2702189363866,79.1178382905749,30.4120317080114,45.4094298372089,7.10404049493561,112.313030335267,watermelon
33.3384980323438,48.4199243962858,52.0923004332428,24.8326534264873,59.9775008880429,5.96996840111444,113.177839803127,watermelon
104.425541890983,45.782113725218,39.9135613417782,16.3788793242438,58.9824476321146,6.2173272234934,226.181456589224,watermelon
79.4388403275231,18.0837385766598,55.7661469656816,33.7565646314791,54.6396400987355,6.64879544412196,216.843331762051,watermelon
32.4860485608159,57.6531442476684,76.1787527851662,24.2886348763894,71.2561284663417,7.1653530950031,241.613978711708,watermelon
58.3498278159415,37.8544809798964,66.5746024630845,27.6862515195674,43.0986246900161,7.41334192264515,57.9261560169636,watermelon
102.305694409788,65.0610505300858,66.7845221151526,30.9875214360596,54.3254238806318,6.25502084230772,247.120911812932,watermelon
66.3980780199161,15.3177960614291,59.9359274725131,33.4755878329629,61.4358582470733,6.76961048565321,79.1816862855021,watermelon
83.9831004496585,36.6876472284494,73.294134767863,30.8976843282104,50.2430136433072,6.50447331974491,41.7901438902086,watermelon
108.458475185772,62.4726258835162,16.9040649253428,29.9872766318672,58.1038443875051,6.27679867706112,136.758999557588,watermelon
29.9095409316521,59.530238718507,45.4241973163673,22.0594768631549,58.0896692690857,7.10243143402153,201.979606427243,watermelon
61.2783600582175,77.4075712577475,24.6916511839682,15.1396516524906,48.8599285408202,7.21164209475352,178.78473813589,watermelon
72.9191852327991,28.5632289287463,52.8456646519926,19.3645645418971,48.9042087103725,7.04697421358292,196.170127469194,watermelon
21.4585421893087,82.3205345088246,73.7599851697497,31.8247160207595,60.4495435652554,5.6536763059691,237.079160370435,watermelon
23.235530808212,67.006236788354,18.5008568146736,33.3207019969452,84.5099987180485,6.55106583100328,116.625927885354,watermelon
64.7344466786526,26.5848344641667,54.956388394328,16.4871951013278,77.5115286617128,6.33049599865009,87.6799548220262,watermelon
69.1000949633774,65.5456955244512,70.1531143650194,15.6147044899942,69.0887025623064,6.19528957861256,114.632508901242,watermelon
62.3867461934624,48.923886026686,52.1794923148954,19.0887269676145,67.6710504282597,6.93417973417518,57.7470973589211,watermelon
91.512130262103,57.6162424532772,50.8216629483838,33.9511669794801,72.5969903811798,7.16571853387436,119.889941425011,watermelon
33.0016680867419,17.0751935649082,21.3663237944089,19.1555243656763,54.8629659343804,6.09198866905271,57.1879509637076,watermelon
22.4729930807245,87.5877442944738,25.0707930419924,22.2856355771821,56.1207598359886,6.53323973949684,149.952739174456,watermelon
40.9685487304668,14.1221380625489,71.7350403576787,31.1603737790884,72.813701365522,6.66615858542088,167.782447690974,watermelon
42.602938452085,51.5101308568894,64.8119126026574,22.4839770176839,76.3799371786322,6.06075076691841,193.766864474754,watermelon
81.2107400136119,14.7254005096505,23.8760984264669,17.1842392357924,66.2074929574539,7.19323822282871,115.806696440935,watermelon
80.5881274494287,65.7563320806978,72.6071304351125,21.3225496124116,42.3242704650966,6.04709102797652,123.81888153675,watermelon
71.6701771652653,40.9813705976034,73.8108198665133,20.1334624854538,49.0211498802626,6.62185103032824,146.141521216436,watermelon
74.3676304884104,66.0989972465201,24.767776201371,34.9036840069591,51.2400988402032,7.04388089270512,229.83733223278,watermelon
76.9563283850236,40.3478985048588,73.3504157179736,25.4369016692214,40.7028527980218,6.19924844275194,126.650731440937,watermelon
111.077929731029,11.3653652748863,32.8548871948639,30.517007501571,70.1500341250328,5.82520040698592,166.79888469018,watermelon
55.4572574773139,89.00332562579,49.4323845833691,28.5508581779668,53.9290200424981,5.91870063004023,188.958798702321,watermelon
33.1609503241074,79.7155345555933,23.2268008628054,27.1594610214976,72.3752440732789,5.95357469769827,54.370530002923,watermelon
55.783004078913,88.9809396858238,22.9819433009168,21.6521751632226,43.3605399277809,6.41399394483957,47.6267780352509,watermelon
51.7605419697988,89.1505311053016,70.5997678011655,15.7206300742555,81.5764581675532,7.47303000091251,167.243719611896,watermelon
57.0200066533964,56.8067801961707,48.6575924435899,25.6093847801021,57.9246390252023,7.30326320501196,79.7117833233028,watermelon
91.3695895259127,61.8118761348593,37.2348904014728,33.8049239100911,65.3165559099599,5.88931936695674,131.970293927924,watermelon
70.7904549365819,67.2841312630494,78.9710422670334,20.9233816554413,45.5276592637075,6.18838287083822,156.119343869444,watermelon
22.9805319863281,21.2833644502253,46.0269131842195,26.9064418654453,71.7521453982928,6.63497244433266,47.7631025657817,watermelon
119.81599315061,65.808704893947,59.9057983629898,22.7122497221978,50.0275891553739,5.70681027705167,199.895981708493,watermelon
48.6359429492783,60.9362381933891,20.4252668448841,21.4224911324785,54.6320085854419,7.2586547302821,175.268170561301,watermelon
53.9613294387056,73.7109175993646,42.46537938596,25.2417706745871,51.8051780023636,6.69672842006978,210.037182769755,watermelon
47.3329998028153,80.4328291818652,66.7903694658495,31.0216884017092,68.9045604266713,5.6059464356424,111.482896800843,watermelon
64.4042696824317,13.0064905821376,80.4603002012988,28.8544416119598,55.0365421152844,5.80427315007163,190.262552388135,watermelon
115.00396405114,64.0903909011234,53.8243596576268,21.7950963353715,44.1064545228642,6.8530886878041,86.5244751733376,watermelon
27.9348663370753,76.9094576253134,83.25311683037,30.9536225236736,60.9188831625129,7.31763022198231,184.940325350007,watermelon
54.4655585635759,14.070324340868,20.8263491680037,23.8653188426352,83.6104905459147,5.95453256948596,192.21428603037,watermelon
101.719844640102,82.1319187395889,55.9169646217101,26.6102349905345,42.2694364317085,6.34202938007285,216.886513860378,watermelon
79.9121845140644,21.3885333069547,58.9881733218153,34.82020732007,72.7235855547355,7.35719636355396,121.810467313887,watermelon
32.0256583728016,77.0183082609523,27.0633601872545,18.4216548797775,81.4818939759777,6.67631150091827,80.7360802780539,watermelon
24.4042144456898,71.1854315834052,15.2382305731244,18.5491898951815,46.487114807352,6.80040544238892,60.8712933495973,watermelon
118.670207801587,78.1530868951944,32.4619296926362,22.3004673641643,81.6191630631774,7.48141206055014,67.8966507631804,watermelon
97.4480902019181,87.608451469619,68.1470147069297,15.8164524849581,51.4988344239531,6.25845677440914,140.847631828323,watermelon
89.4011553979484,37.7313640097768,71.4669532126128,29.7534656034566,84.1097618146379,6.10123674320115,87.123790400626,watermelon
41.3150200998946,82.8719874065705,34.0528238700017,15.946042919972,68.7599740427732,6.5616971976411,202.362823408266,watermelon
33.6831089452296,56.4899817698123,43.2136578337353,33.1254762774918,74.6865385978886,6.98585924295981,168.608151096203,watermelon
49.0443080147003,40.3157070047761,58.81908984567,31.046409996248,82.205146817586,6.01346491953054,112.612893158855,watermelon
106.762320989167,43.0472519775141,24.1182083818681,28.3258042453443,49.4017313464553,6.92750903285458,113.506424000257,watermelon
61.8175844670355,25.7386026977276,45.7850350210373,18.2788235523174,55.7312957317248,7.24997621856163,202.445894173554,watermelon
114.10137436078,88.181835225868,37.240485554673,20.7151951201797,60.6935844154533,6.21936978433252,173.906460639046,watermelon
58.8980871247584,38.4952649979364,24.4184167261321,24.6943537004731,68.6334444576099,7.23561410221067,124.749379504821,watermelon
116.769571256251,24.4547009907918,80.4746946252299,15.8464955542453,41.9748660325887,7.25724664039782,112.560668132529,watermelon
69.7809192863204,21.3538462721528,41.670835361197,23.6036634205858,76.7692337076968,6.34625142293342,190.917601404208,watermelon
58.4392238401059,87.0612832145119,66.9632845381104,23.4245523849617,79.0573680489591,7.1777357802157,113.380160673233,watermelon
60.1673397236352,34.6612620468537,51.1592520662394,24.5606944009479,80.3671405419554,6.9162517382839,140.514891115257,watermelon
25.6899837244721,89.6569047494125,27.710076907049,26.452571950598,78.067635939488,7.39292423328987,134.600827742648,watermelon
21.6048771336697,50.3546747380657,23.5131479932522,21.1139687551716,84.8364155086858,6.35604977181929,133.072955656365,watermelon
103.534986192144,84.9367430782582,74.8903609485786,27.8552669812251,82.1451631314797,7.33798913556989,40.9636128977703,watermelon
59.2924772292806,41.3772939291677,19.4443046042902,30.3671450705114,41.3022622448868,5.60827827458655,158.864686218493,watermelon
107.241798679923,43.5033629245606,54.5003040365411,17.9367668847259,47.6723852975631,7.2337693049264,132.590964679881,watermelon
34.6211769034253,25.9551525190264,75.0288201449573,34.4229323414261,61.44986176698,6.03635022534819,117.352128083516,watermelon
65.8832605955579,59.6572989084093,23.0870427042651,32.4315344623437,58.4879351889193,7.31244957158922,158.927942416131,watermelon
57.1556487107443,62.878732705898,73.4689959690296,34.2097677379892,75.5109085610653,6.44810741159511,179.434763639902,watermelon
80.349513525306,19.4465969174386,71.2989940803028,31.3401660864894,80.1545340708245,7.26891563356338,70.162464752869,watermelon
28.5641397668813,54.5861073790985,26.12020654656,31.517346760499,65.25131050509,5.50459039025222,184.718999506309,watermelon
93.7269881990398,89.8417609184244,62.0131712392965,24.1979117175554,69.2868754799882,6.77249033156433,236.159354930818,watermelon
97.1499937759479,85.8368707428858,77.7746371285872,27.3619231359856,46.6561458174401,7.49939756002249,145.180914935274,watermelon
95.7807877733283,68.3214949342988,28.0444970135784,22.627322993999,57.677392599954,7.05386858133314,153.970493094051,watermelon
28.1356945019847,14.2626583596052,25.7896818922785,26.6868123094024,57.2672783151582,5.94942536505378,118.370153740221,muskmelon
26.3389894116386,86.5335270373773,18.1996569564564,31.9940554150353,80.6768315800823,7.25437088485545,173.200187074579,muskmelon
86.2962147343421,23.092371119695,50.0414960715182,17.7662369249231,77.7013843006927,6.95976579722937,214.718991473652,muskmelon
37.012157718191,82.599265087675,28.9238503267634,29.8881725570598,79.81415665467,6.78553856969138,108.845039186461,muskmelon
102.830765556,87.8008108948361,46.1150831827498,18.366185735616,50.1412407006795,5.79284291821199,177.741716763816,muskmelon
114.473878198524,51.3982735394492,76.2888479285356,20.3420431843689,58.5189617464873,6.62180191610092,188.70310916505,muskmelon
119.129179631886,78.0856916252923,68.7875370233262,19.8796952166034,45.5131001912584,7.23314978914948,59.9176033818711,muskmelon
76.5364047682548,64.8605725052117,32.0138012417656,26.100448133005,42.1173126423346,6.92144287257523,231.359427245967,muskmelon
34.5792415899128,86.4180932177315,73.7952391331993,24.9791651824392,66.1874528956541,5.59071537670247,89.3672700968418,muskmelon
118.415895178176,58.096655741379,62.6975438779674,28.5713737241791,72.8843792494779,7.45674733629299,190.826906725218,muskmelon
84.6176219753072,60.0030264491229,75.9846780919399,23.5255211352024,47.6041873253901,5.74777030770097,77.5542539812411,muskmelon
25.6419668279784,44.441500918214,50.0296706915971,30.2449139837385,74.9287475621927,5.96597557909134,95.2181576542641,muskmelon
48.6752979870305,26.1157507896962,57.9300816091383,18.5661902481533,59.6065010268271,6.98935513826523,207.778736878083,muskmelon
76.2252254021471,12.8498386232414,68.7700730067538,31.5917817114814,63.1994471364652,6.44605561017341,41.4978973527895,muskmelon
44.9862948548916,16.9599921661243,54.5791252234853,22.8349870852358,79.969055189271,6.25324473006336,233.02944386519,muskmelon
26.071932570111,39.7475693140866,24.0122444923093,32.5613890297531,66.4076327096707,6.96481117394977,58.7682770000623,muskmelon
72.4707403743969,37.1606496475454,66.5698791954526,31.1149801482051,76.5566454462505,7.44427726135788,186.455254101406,muskmelon
59.9761311896034,15.4485283072333,50.0181421660903,20.901279210067,50.5163244556246,7.33855399854414,57.6240328036361,muskmelon
78.9414847823519,18.2452629544983,56.7680879830234,28.0687734173,69.2885806943702,5.84339387265192,209.376911143482,muskmelon
54.3518859401121,84.8006233921277,40.9347441447595,32.7598632768541,78.5364441031294,6.18751155989594,87.467067375531,muskmelon
102.960226844512,48.7632424192332,36.0168042644005,31.9772748076251,40.5522391970978,6.91914723693353,47.8844185582755,muskmelon
89.6114862196201,12.5145072129157,16.6688054714672,29.0634674178732,62.5400128483493,6.11945374525127,218.521343697105,muskmelon
21.8893298236138,15.2125520655944,21.7679775630906,28.0901025482873,60.5805414591825,7.17052772439575,138.973940354294,muskmelon
46.8778829494854,52.5647502963267,30.724154643586,33.7195786734668,65.2318892792016,6.06563205577695,78.049594311998,muskmelon
60.450032819272,39.2972972007921,79.2429090497284,34.1200894858316,68.2772282828936,6.44274463548453,159.733399124692,muskmelon
78.3566073600001,26.0015290305026,46.2340154085467,19.428482337123,49.4366521362386,5.5927582309082,227.592996981737,muskmelon
27.1634446769783,55.8277514417785,81.5185709979937,17.9993634871204,78.7886528665147,7.41291016615597,108.171367844647,muskmelon
106.985089158167,31.9048760933359,31.3441625499838,22.9804011750875,62.8821362987543,7.00945835258321,157.772922179556,muskmelon
115.248115153633,16.0487424237881,78.9019364695539,24.0312666301761,59.2040915760231,7.21271261186931,101.239052140731,muskmelon
86.5215125151544,18.4867387677015,67.3018227621456,32.4501264735358,77.7259549697516,6.05988518640394,131.418717173589,muskmelon
106.513778793865,62.0388138909074,45.315670739075,19.9528396990862,75.49981360347,6.65600898450055,81.400320372265,muskmelon
115.921248568185,31.9492384521054,70.0207531522125,28.9747717389719,54.6862425164721,7.21312596635573,152.276381688321,muskmelon
29.2405263843204,64.7414245711367,53.9889090876043,17.3978186596175,72.2489413652797,5.51867120900129,172.527833633371,muskmelon
32.4409832583931,52.6652330731346,68.8902549743141,30.6589158045402,48.5510264283749,6.70337090324767,125.34805753983,muskmelon
66.6762658425962,26.2477122695407,34.422329547546,15.4723101763391,70.4430620444208,7.27859667305769,40.989751765034,muskmelon
82.3325777530356,74.03256206961,25.5964651660046,29.3921434201264,47.9526107818599,6.22735811245039,248.586419829441,muskmelon
100.124379964603,20.1499237912474,67.6977321192146,17.007932915356,84.9906995240556,7.01393019478486,160.290070874752,muskmelon
62.1816427457061,25.21475848519,67.6830773487143,17.4342282686542,52.1773144915594,7.10848460514493,195.55287062449,muskmelon
31.716976022216,63.0576180168696,47.5287336309109,26.9772387444867,83.9343568281896,7.08145012221367,143.414463723737,muskmelon
27.1269077282059,50.6839126910474,62.2586154692148,27.9969690986895,83.5269090992058,6.55987266593607,138.506692125698,muskmelon
108.386078126908,42.4485073389711,43.0198633382189,25.7983691481866,69.0545446723954,6.77563251241838,107.864866916959,muskmelon
60.644136602359,11.3628832629709,62.7784401121449,18.8045897352531,78.0124159404134,7.16721892061979,49.4387085034692,muskmelon
21.2911922304384,51.9877167986649,78.1332866768973,23.1181100234939,43.827521528037,6.0279702965766,146.292763634721,muskmelon
33.7186800659256,64.9345503258214,23.4521663647388,19.0081128682979,65.7829297803263,6.50163767719718,193.294691696435,muskmelon
81.83251387525,16.2161333142855,46.5383733583327,15.6505735221554,50.2162943990977,5.70746074999099,152.970685699475,muskmelon
98.4578139327736,38.1865302977089,55.7255069216366,27.4990088085174,47.4891720863474,6.33512384483364,189.2529627817,muskmelon
84.6184184423734,72.5717640214468,43.6042715323178,17.6319737279005,83.0702020358621,6.39500719257398,52.2550025453116,muskmelon
118.370244865478,71.8575186197914,32.0760067631845,32.6441722538528,51.9678033105879,7.4258469380093,196.801535928064,muskmelon
91.8924462664372,32.3630822554059,38.7658969796104,16.4540510631418,46.1648837924771,6.68638262114785,205.504407726929,muskmelon
113.933437435857,28.560076290071,26.0390567458417,27.3538317961403,72.8445588391482,6.51398116956185,87.9500944250962,muskmelon
37.2514831261949,35.6088911488694,69.666854252418,33.372599751862,78.0890451642168,7.09085524621925,143.11054940946,muskmelon
110.453482880468,66.969022665624,19.8164869913908,27.3167678864285,42.3991859040219,6.8432351347726,173.270764920521,muskmelon
50.4482683681176,26.5284189658837,25.5224044390593,34.2215515948932,46.3363107695879,7.0825633311563,53.7872720993065,muskmelon
27.2793100528788,29.3824113623157,53.6573521088145,15.5885725750535,77.0966775329302,7.34522433385496,188.438460113685,muskmelon
75.0146096642197,30.0745311845441,50.9734967611607,19.5447303096506,82.323085517773,7.16004674400205,210.349399652495,muskmelon
65.3107843386525,47.039031440876,82.4505037569676,23.3905591761649,47.5373130652762,6.01134272874861,211.021823110535,muskmelon
76.7425744872273,31.6564685579652,46.9804911184965,16.6736435059801,81.4708184434431,5.80698707434674,173.318855042252,muskmelon
22.5395716552341,10.5904597791799,60.9629807043648,26.7814435864712,72.2069013641248,5.82536021262657,60.9415634539638,muskmelon
27.7830997331921,28.296573878404,77.24409511883,15.4410522805718,79.2766955281965,7.06830561234071,114.421633754122,muskmelon
66.1181143513499,54.3919888345487,42.2021315187226,17.2560446161106,77.8717387923374,7.14687014540977,218.788716461877,muskmelon
94.3617344062597,24.9393150652476,52.9084734655491,34.4662212019163,64.102463554173,6.00252808560735,146.127144687868,muskmelon
117.157428505438,17.6306982746491,81.2022517417568,33.0559373731054,74.610338338935,5.64399623877555,150.19757981887,muskmelon
44.3550892567053,78.5834469220524,59.6715035311279,19.4960818460659,70.0304469559483,6.92293177331934,118.808137671467,muskmelon
43.4280719530899,15.9501813007287,42.823274134576,20.8936077942576,61.2183351191777,6.42000180339441,62.3113662853424,muskmelon
91.5805996542706,15.4609823997416,82.9615961145431,16.599590956047,54.8526309010818,7.06695370076548,99.1734582228463,muskmelon
102.063930892415,19.2051511300752,58.1032783459422,18.6019723599786,81.0137228579324,6.68870875015329,62.3139095782833,muskmelon
33.3323445046937,85.4763924309408,23.3479021761324,17.0739365285607,72.0469609052161,7.15927670414526,85.7023526987538,muskmelon
89.7606773906204,70.0350034143939,77.1598696951567,18.4850185939507,45.0386133720347,6.45219598848009,146.960691151657,muskmelon
31.2364172056487,21.5259420925406,62.5041469268054,16.2818348599979,75.6068413497912,6.29824550859548,93.7113405874518,muskmelon
22.7121448436343,87.9893207168157,72.5972124597045,23.7812033057125,52.9834571052266,5.98594401520022,128.811432565009,muskmelon
94.2228697399715,11.792257354498,18.1293832013055,30.1185440435626,45.2700180212362,6.03804026755413,61.2010276416321,muskmelon
33.0922360872348,32.257567952507,28.3688494299393,30.1872774284274,68.3663147331059,7.27722870082465,43.8218367536654,muskmelon
51.7824737316847,16.6305444792987,78.4010032673371,19.3617855684654,53.8320485264212,7.04488349591609,188.73777874221,muskmelon
117.099011296918,84.9704359075848,23.1204812499324,17.4030584480628,48.7854229350506,7.20097684753173,62.3024192882247,muskmelon
116.858839642656,33.7150739616319,61.5245662799685,23.4726683555509,66.3999855012633,7.08943733460709,240.629396066363,muskmelon
92.8034325748698,77.46341313583,44.2826609263581,34.8971534892438,49.3185037208342,6.31675870009547,246.102780348669,muskmelon
106.585467675042,49.011768567847,36.3309510104968,18.2180118296379,62.9728781748437,5.97513813175035,188.952309335094,muskmelon
109.198470296896,83.3670962198484,30.467962080365,34.6228482572468,61.173861683893,6.92927289355047,201.960102730412,muskmelon
28.5272768086415,84.2958879444263,59.5041995842495,33.4375978160825,58.833926950504,7.48951055574674,74.0901325336146,muskmelon
118.178117488594,52.1077521713952,38.5011317550676,15.8739241030411,44.2253057398951,5.62564229226003,163.855986429311,muskmelon
43.9589141793358,48.9923912468331,30.6262122772756,17.0060199135942,56.382807905964,6.95366665136705,62.0784416059397,muskmelon
64.9483341746723,74.9023202736407,82.147663164487,28.6944643378698,67.5813711050811,6.2938105709822,56.0867756260963,muskmelon
57.9349721772293,45.493261942404,45.9743703440644,17.322721696609,43.6036999237741,5.86827898415191,174.979927109079,muskmelon
111.459406489255,72.6039558195527,20.1084448560646,30.7709230090356,58.6130832478465,7.13821569347671,225.655435391541,muskmelon
116.130020495565,87.5197934347763,23.2043070430887,23.3322544155327,47.8636563885322,5.73901259910269,177.003067846877,muskmelon
62.9683812162692,89.8191426321022,76.658899202784,17.1293572346351,84.4511404491268,6.83220629642355,173.515779531335,muskmelon
31.741959588482,64.1217559083001,31.6009671737444,31.1122470424102,66.9032496572022,5.67146054197636,166.510605153865,muskmelon
28.2681127862391,81.4591558982894,79.9292084225124,15.2762692516093,79.5406744324326,7.39405770781173,108.24896614917,muskmelon
90.4855442841004,22.0203056242412,36.8228391659552,34.0087665147189,80.8476465525328,5.94212386870856,142.518458726126,muskmelon
104.228158548581,77.3638355673122,33.7677347281797,23.7634287629106,52.4829543672888,6.34841626456399,239.429841018016,muskmelon
64.5926491378772,54.9319670186061,15.6767756169088,16.8455819887321,63.3116354738882,5.51394426264518,207.406638491622,muskmelon
30.6027498890659,76.8656887797945,83.805365883189,31.3154815958419,73.0019909087578,6.06328409750167,224.510006189584,muskmelon
27.5757969206086,25.1715412806587,43.1959480737317,20.9213253138221,47.7614850540466,6.15480096854959,192.213957557554,muskmelon
104.748546259826,55.5269257563757,25.9220675197067,16.6015528429307,60.0268546235873,5.79521257909723,97.7789821837931,muskmelon
103.447400426235,87.5236942235025,40.7208639782485,21.4090201288504,69.7684962417784,6.80553108700809,173.71847366156,muskmelon
53.158986099604,83.4313517778327,79.5074054200702,22.2129062037975,82.3025525162474,6.55564121578617,165.753868229573,muskmelon
51.4432710555584,36.3056837517329,24.4264972160694,18.4869580639,82.2738948521548,6.71912811939564,200.969959418741,muskmelon
85.2403678583169,79.2248990336549,24.94736207181,17.0984308058854,44.3563441603241,5.94967508057583,165.672616043907,muskmelon
119.256301577788,78.291094968231,15.8541020103051,16.4599026001337,78.6714628798289,6.54407291721742,97.0262338719453,muskmelon
106.677493195365,59.2394307485034,49.6726151344704,16.4371087408797,68.2994427361057,5.98372888121928,196.27530272411,muskmelon
47.1752368785326,48.5011916041845,80.4794668850859,19.6484144612441,75.9810944371769,5.75200085074268,151.941077928963,apple
44.0265525058036,11.709223204157,78.4010817266074,25.1124265650811,64.2119003432858,6.51722878823859,78.2347683926275,apple
30.3734939873095,28.026859321644,30.0870626303773,26.2942898139797,59.2567601447258,5.57662721540622,111.195637495814,apple
26.4253210120021,82.746632468303,35.1355126128232,16.613817616186,40.2602867177968,6.15454889864407,134.008133506406,apple
91.3328162540369,61.1472938075416,22.1744726305709,21.2108676071329,56.5464828589682,5.54471101613935,119.936775057547,apple
58.4046342868379,26.5347373562561,76.0750572062447,20.9445554325099,44.4476701712458,5.63077655347566,197.982473051167,apple
103.227339705093,18.517737467083,54.7161661226843,21.4264722384636,40.6039929020237,5.67896633789826,200.238398336916,apple
59.0157142835742,32.3834885761065,50.4998662441503,19.0189700406133,49.1597874807938,6.31028252598377,83.574823319714,apple
77.1931989198519,61.8216620254431,25.6210889577032,30.8759145419467,75.9426689222188,5.67078994688149,150.65684612871,apple
58.2024117457692,74.2589818240418,28.6554563528185,18.4068522152523,61.881649872233,7.10283803176267,191.13460537099,apple
21.8651524567349,37.4422919132944,33.7240703351442,21.5818177659911,83.7816398934376,6.67345870899663,88.7157607445101,apple
100.286118751525,67.6221102744444,68.1557088220286,34.8472416958992,50.7006076167806,6.86923557304276,107.865914137972,apple
55.9547565392939,57.6281215844807,22.6716414828187,18.2829757236331,67.7746410285005,5.84630430226508,210.544014270671,apple
75.8913441635162,67.6616779983331,50.2402431169712,21.0022227773453,84.0996986483688,5.95072025640436,134.552348714579,apple
50.3234445538015,39.7836683084181,25.5686700812395,25.5432635687959,52.9628868880509,5.58670279015168,118.016179836363,apple
113.676495828515,29.1723381817212,76.0300329611777,19.612510038825,76.8285358822106,7.45103869119242,201.504868353486,apple
112.749439688748,41.3890058693425,71.1003549611663,26.2186939135281,58.0349734113715,5.90753268562608,44.720075933598,apple
40.7885752994514,16.8386455657141,15.4335677206673,32.3808928194367,68.2720089136958,7.31514848666971,136.544997415759,apple
82.2257673937016,71.1243739636263,17.0285824602603,34.8586405533639,56.2616151833262,7.06346106695172,144.921615815219,apple
54.7980524575329,58.6709014180447,47.5639234448615,33.9945425461021,68.8569876150493,7.40333080287247,128.784347492635,apple
55.5697292534494,29.0189811675898,80.3466298968283,30.9760467316844,48.8934762491349,5.58608710397318,172.597999397012,apple
52.8408401612383,66.1598721780627,66.7423510233603,26.5843223275544,40.9717203425112,6.35554545505696,60.0232254341353,apple
48.68127842838,21.5829741263683,61.0682976227572,28.19594576638,46.1099718283443,7.32353507067242,106.046529713108,apple
67.5599552726187,77.4302291439056,31.6385431991138,24.1408536439486,48.7204965454156,6.03888811941207,161.697913185553,apple
98.3976305641223,36.8987788757769,57.784529785991,30.1902159094765,51.3445423619563,6.69938788991393,218.959576696604,apple
104.774580497655,15.8136432272446,19.9169613071331,23.6126811842493,78.9038811106718,7.15663807636902,101.708347188173,apple
26.2056272319544,33.1842644993143,43.9601137903333,21.79550881814,55.9281012676321,6.30855609886747,52.8452254612209,apple
66.3599091145955,74.5664295109764,35.2950887290272,25.1097847940911,41.7954039745011,5.7165506455193,224.820525359744,apple
59.4859400296053,65.6663847973879,38.9231758070752,15.0768798683197,74.8119771526251,5.60381034487105,154.330740153944,apple
56.5763666278573,20.237509985565,72.3793724632726,30.3898568802466,77.2635452157182,5.98632046416696,132.204065654522,apple
27.2116636239047,57.0300986464276,31.0414260374575,20.4249292078544,43.7551823718265,5.541316024047,126.844088885395,apple
75.3074558057391,75.9182050386063,23.20870689033,31.7966201234593,78.9324704622535,6.53669226404125,107.279215044006,apple
72.9154367060007,35.7022183508157,32.7815089038487,19.2440615055356,62.1138379988791,7.44418144130343,135.106144982905,apple
57.6840730373208,68.2786120000661,44.8753046057538,16.8186239813541,74.9386239587044,6.99883435270695,186.221447268604,apple
36.1834431421866,57.5208472309265,54.919781782627,25.5175804675173,47.2503017807614,6.74420152196856,122.211315530451,apple
41.920413580686,14.8613287903654,31.3969945518286,34.1289873789665,43.9427789831268,6.43310891880333,216.774816870119,apple
107.185224698477,27.9593930477087,26.4809091070112,33.1686696401651,64.0101568186703,5.94810976295178,215.687952835899,apple
100.669114543437,55.2547012107702,54.0102838114883,21.7332032074841,52.1981280144295,7.47236114925349,186.007940231826,apple
105.939358307952,74.1898530648043,27.622068292751,21.1406926280543,52.2058376051513,6.93450134873134,122.16042659346,apple
42.9966972595997,53.7587715516606,36.9766387957971,29.080963858441,80.3310416966356,7.35778951917672,105.089548563161,apple
46.0511119505629,11.5823021165944,32.9027594429919,23.0760262292232,62.7491317562522,6.72220312488368,146.047581511572,apple
70.3990236904468,31.0221662842772,27.7748401941614,19.8570965066818,63.6413032694912,7.21936661364481,114.580090057375,apple
22.8326825251955,11.0394262527299,28.2453204101163,32.8009661183697,68.6164083860891,6.89241309808214,115.560216072742,apple
45.8393446569514,14.3142014389458,60.4590316281929,31.3275295013224,73.7186703266197,6.40108943120627,174.795907621643,apple
87.7507768700602,78.0048803556733,29.3069702360346,27.746273387571,53.2822054849389,6.55331813593084,154.697805445035,apple
74.5904988677197,34.1228849925673,80.3001194239129,30.3106650036344,56.8785555483208,5.8805748449548,114.634702696761,apple
73.9596084756589,89.8254035412452,19.4925864248036,29.9175708158489,78.5905315394469,5.57219368129605,82.3444309422487,apple
73.3991816236634,19.9786495836352,71.9799920902494,20.2065036935762,50.4709694746281,7.40027935705161,40.444711316584,apple
116.585125847061,58.5071175026275,56.1197385476528,30.1246495242811,47.2250581077417,7.22620641799933,213.561318322812,apple
61.2716074107548,88.2489942378593,57.3878809168878,19.604043459801,54.9860907485644,7.11792652011752,141.308585680699,apple
91.1456765752033,30.5088011270896,23.7160539015737,20.2168234834526,62.7663606953651,5.50881441310459,190.947445980714,apple
25.6109973721257,56.8187945181591,19.9348553991573,32.8347283498546,58.65015437298,6.38049025408946,70.1383500174332,apple
92.5327884650476,41.2308321666116,41.3891939289818,16.2494382268048,65.9433725247827,6.58812470598525,161.811283343384,apple
89.5197093624248,37.6347210014401,15.6510541777364,19.2904433069241,54.7232896064982,6.55784175594237,66.6448022362985,apple
21.9705116292324,46.6910920090466,51.0973457461676,25.4908625737256,50.2210111265169,6.93843662153857,212.732360601766,apple
106.837310570682,65.1587865013437,84.9638807354327,29.5353816796725,82.557961238808,6.06664062224638,231.045669797364,apple
22.1104037305854,51.3541521697092,75.5147241104928,29.9221794376719,59.0286136879719,6.8659330314798,184.351519785985,apple
78.7727025890596,28.2842137004641,26.7411183154868,30.1300969883474,51.9205408179762,7.30473621273634,43.4145311468349,apple
111.092600157062,19.2171425415283,18.2423306178499,18.5746982617186,61.3968847861499,6.68383470232777,47.6450200600759,apple
32.6596281363906,54.3857253177025,40.7035302164515,18.7462858873169,72.4462067323952,6.14196180395873,219.960503578168,apple
90.0900570815848,40.2003579354847,38.4991979149632,27.6157383493221,51.7333918841246,6.84062489091448,181.559541826863,apple
102.850711039664,21.584377219707,47.7889235423826,33.0865226304561,78.0679463004078,6.37898364238394,130.715398984363,apple
43.0085978857282,37.8356884922067,68.7626795488236,34.2446534704625,76.7582591980501,7.11255075671363,241.063891868602,apple
77.4270549497693,86.2532001343804,53.3623919628385,24.404922867848,71.1131331981687,7.24667285464083,227.846628747809,apple
116.210533565008,49.7842215931901,54.1156274262423,29.0366253135896,56.2893526192239,7.16086682102683,226.233555565697,apple
105.104819706224,76.5621947434555,23.8002552365885,15.0831773039341,50.4425047409919,6.18433323161878,57.3079671465363,apple
117.040956652277,56.2324652291054,34.2086147094186,27.5906393269965,46.8591488487363,6.70885353405441,228.267163526391,apple
40.6875460318697,57.9324007630033,30.7557134589905,33.0835322374867,63.1617485630148,7.29901534961491,66.5923044768126,apple
62.4339472513804,73.0134925167139,26.2378541851593,26.3867816382026,75.863920816157,7.05917060075289,221.944372696776,apple
84.7501945331461,82.769481275589,29.1746406090328,24.6793749694151,67.4076284805348,6.59030327065396,119.597934176958,apple
71.591867185939,61.3856277854115,82.0651665828494,26.6958908698037,60.8848943146341,7.25005642592444,166.810806424735,apple
57.5259186315937,31.8900311467657,73.8499923929805,25.7795485997477,52.1009347131946,7.49599490687065,198.598273819591,apple
109.814776037733,36.697044534002,70.8358257663603,31.9456018027596,81.8916581067683,7.02039286751318,129.608832155172,apple
24.435877783427,87.2141726302049,45.4373848300601,23.7015928554822,65.3161591944826,5.93203423285486,107.810600450174,apple
86.8287299418956,15.7531132575837,25.1894252515349,25.8673423858673,42.66738092651,6.53494504142317,185.100925576454,apple
115.68346622199,31.3606250013041,37.3567447868906,16.0119352215025,41.1015757830355,6.54553807668646,50.3068601015521,apple
71.4043267124353,35.58612776249,17.1253156345921,25.5613271568722,75.1714531123505,5.72234379883033,197.364378840367,apple
77.5905459269837,42.3872169630543,59.5682060832941,28.5626534994518,75.3229840706675,7.4046581144932,139.027577745275,apple
87.7143189440082,51.8603220031878,25.4800430501253,33.0305489422896,69.6554993440656,6.06190672356724,188.464096248366,apple
40.1711473614774,65.6120767330807,84.6927217485815,19.1926905718598,61.6236219725682,5.62854617374416,237.675750613062,apple
26.6705244158723,48.2618068336797,70.7678330343998,33.1289254772146,50.6842327936013,6.25525687670114,151.366257249083,apple
84.5350560846436,42.3566505091063,78.490929945135,30.6198693698365,44.7180347655518,6.64710687247436,59.4001864313149,apple
86.7073703681619,50.7099647637037,75.5664111024544,20.4863986025967,65.4314558559244,5.93879378886837,98.7352092837613,apple
94.3753787476455,23.5733734134461,25.4348519772453,22.3093673062089,50.8817054451824,6.18421679860177,105.589676637011,apple
82.4675637867616,12.7801072982979,37.2902280475433,21.0212582843477,42.110446564439,7.11608217359338,146.932045173334,apple
112.656762661718,77.2004263415935,69.0180480778301,25.9505561231405,65.8615278503213,7.38248876663041,46.6764520046657,apple
31.8795893676018,29.416129262846,23.4373785035859,26.0833175904505,71.8329966495899,6.72918009349572,152.273931685963,apple
38.6276399617212,20.4300693098596,80.472021892421,33.307629385175,78.0194286597052,6.82324325075524,107.819805903276,apple
50.860541775292,61.8091212081765,52.86845359852,34.9122343770751,41.5984017572358,5.93596743440068,44.3417338255522,apple
56.9706790135105,57.0865164543905,48.5951387992106,16.1589280893835,74.448055724822,6.66636325007601,195.506276183532,apple
86.8869230276378,17.4838434567134,65.8754486780965,34.8088568913792,52.5168630003542,5.99579768837234,171.241157698092,apple
112.69655518825,12.2828268270394,71.7911740051541,25.6883150202633,72.7383258648861,7.05538804715284,132.063840032585,apple
110.437547485548,40.649378462997,41.9977011471045,19.0404524021039,46.5888757638581,5.87249751685769,169.772063861495,apple
39.2391314167712,28.4566794049259,53.634126111229,25.7836115969269,72.5467299751689,5.52223541122965,197.308711743592,apple
85.4120160105694,61.2482739478575,49.7353632537347,33.837751522119,41.4133789769436,7.08826338573744,148.655505561575,apple
23.6827823164327,26.681797959228,79.7457037282855,26.3344736263782,58.6175251536153,6.89598712576366,120.144371832788,apple
81.9078679764214,68.3740338209896,47.2837177488411,21.1600337299332,59.8130362130762,6.66455136945683,137.719576208722,apple
40.5464224892419,17.5399287452642,74.9146649054786,27.3818577604284,57.8619789974121,5.74508773640035,140.06036238282,apple
106.283955064734,23.9900829335628,46.588358530583,26.0978369000823,50.6551512357104,7.25173758051905,97.2975322731293,apple
58.7931910989774,35.2066408587651,56.4769722435051,28.9221986168633,84.2603048818467,7.34198413781914,222.185006855142,apple
37.4594756297113,46.8594256215074,59.4709257150399,29.6539336045524,61.9714837996156,5.97264468598768,160.395653224734,orange
70.1033069799204,17.2576095570147,31.1825225344778,20.659419449819,59.2978909398885,6.06751557652257,134.217746394788,orange
74.6354315032416,61.2236552551499,37.5956281659173,27.689511102014,70.2214521100844,5.58185850646433,76.5375372285664,orange
23.3646437820814,47.8941087973742,15.8282285420356,18.5388328524022,76.9956147680039,5.71758894818723,88.5408214426324,orange
61.4592412027806,79.4934234346698,57.8324228957446,24.1345472583242,69.757762711848,6.69556732717695,46.4825884050143,orange
83.3506289046959,27.6499876462156,77.047734545566,33.1735534212429,79.879968634285,7.30633056341034,115.979360978109,orange
28.4155917206852,27.6066697098346,34.0344610759218,31.1587823536986,66.6449950899207,7.14837891312706,216.731295151045,orange
87.478732004519,31.5786789458146,19.3144063019726,21.2394901207832,79.6028267054832,6.88711875834834,69.5991468800228,orange
118.706646030166,59.8773681977193,53.9028526325258,28.3226084584941,45.7387541005103,6.18433173125811,58.1525381319935,orange
42.2052326529311,59.542971015695,72.8370526702316,30.3511681013513,70.8688356102765,6.33557293323594,231.698085456946,orange
61.9670845111679,44.9118784232586,65.8058518826989,30.7073259892442,46.1993787187149,7.12436358333768,239.393009328932,orange
45.3592988594246,69.19287710413,40.8301767454623,19.6002754124814,52.8072257888537,6.27913834563416,195.359069316349,orange
79.893430611069,54.0205903928823,25.1326999813936,30.6244160028288,80.6900927986438,7.27984230023801,175.752364036512,orange
79.7157743106204,36.4512936149031,31.9783073696207,30.1738731261221,65.244973723425,6.05073164615349,221.041754042284,orange
80.0796233676745,45.6541810350745,17.8266498832156,33.1227375465085,58.2881345475503,7.3574591399438,93.5744597360373,orange
103.333500653195,36.8669193363129,51.8625744603866,29.8459768830081,79.6619914377397,5.88291559572467,194.029429058558,orange
108.355613866987,24.9402010137868,45.5281656610445,31.8584570274029,82.8668511765389,6.19327113157756,170.85478428791,orange
26.9029757785159,64.5192602158148,84.0436323448288,30.6349968051701,63.7539392424533,6.03281639448033,212.72775142115,orange
30.5757310104443,48.6600508720894,16.8670850209273,26.5352911090177,64.1567185866445,5.67477385987284,177.087318532675,orange
49.4233700863195,36.2897449854248,37.671382530905,32.5640405516904,60.7377821280331,6.46937723409821,200.775852911536,orange
41.4420888207118,59.4515720240081,17.7245369193724,15.4569339381796,71.4308508515502,7.32593271407575,189.856336931631,orange
34.3888657513954,74.5144476669442,79.1039563455172,27.1680544652827,81.7928615779583,5.97797114051784,151.670959937233,orange
96.4186510240746,14.3234486152993,23.7070925946846,32.570753468932,69.8044617729282,6.36520674585607,192.791316249776,orange
105.258585580279,49.9948450736677,26.5874002089665,21.8912323782645,44.6831890566662,5.66135343357984,163.757711939401,orange
105.813070035453,18.9791807201594,82.5304576649938,24.8351417993359,78.7876126932854,7.21503744167976,219.467862611389,orange
26.3346102397584,85.7932519148072,68.1232200344667,31.5880392848458,55.9048828091029,5.71782299513827,241.992417044003,orange
87.6820040064314,18.8721470576116,82.7853282530724,27.1617142260828,78.1780611854876,5.74206055805183,151.309910030714,orange
47.4578704626569,25.9591884985376,84.9765047896544,30.9703646022688,42.3438359854481,5.57604320630247,115.985356804908,orange
31.8209086879254,79.871013383321,62.4799554597027,26.8878496866151,77.4530338111581,5.74855833325934,100.00917100348,orange
89.419083683481,86.0839984920267,23.1651943308139,16.3356661709657,57.1660082238568,6.85431521262709,187.176485647064,orange
30.662745875615,39.2387114973919,18.4394996443016,21.177590650589,54.5661343911505,7.03141808767403,76.9108213050807,orange
58.9033725200702,25.7737965210219,66.5533135326362,20.1133901649683,83.1840896993801,5.61855049436844,162.545919102871,orange
111.274990277027,87.2045175718165,63.5267201897347,31.1972340923721,76.877370295989,6.48554767434744,238.478773258849,orange
27.4027981643578,16.4494452283017,31.4506635938076,25.4230439990866,84.3084548922761,6.85222139086212,246.352132678196,orange
35.9851857069811,78.1372959111525,52.8911681929096,24.3386902051692,59.9742702720567,7.15841356555857,75.2697616327879,orange
103.400596251432,86.0422915946889,49.2747088308794,29.5678673752434,52.2540651691398,5.87213843333169,193.126825952496,orange
87.6215210778739,85.3447336309332,38.7106083257639,32.4528640496791,42.9251763750451,6.90441192286294,204.102596153553,orange
118.599351150263,43.8725418755191,32.9845122750776,26.2393946346079,48.2972696112922,7.01140678464966,46.8458901936402,orange
48.4865828363628,75.1300983434217,70.1409132802584,21.7811908883886,44.031925678268,5.88627322501795,88.1281923074872,orange
54.5456257623367,25.6138803882589,70.2114498592966,25.3154753010326,50.3530808982221,6.33120149971508,56.5362274537497,orange
21.4527824714094,26.2880129815489,20.7027835099505,25.9436911674885,53.8017079228543,5.93192330767956,123.540681881616,orange
33.8808894967106,81.7029203063356,60.3956298229264,33.3925682298805,83.8257130299815,5.90237653832993,76.5102525691084,orange
62.8309425445418,32.7504639060937,78.3475344969647,20.1897780714509,43.3076525704505,5.77070353751569,155.319428171646,orange
33.640241564084,66.1529092007097,42.2533677039916,18.6542842181652,84.6819671870591,6.49998698709532,109.459380162628,orange
94.6635665533429,53.9990382473911,39.9808606202625,31.6987091008102,52.8972345208271,6.90539398761717,244.007794225592,orange
41.9806611174627,24.0362614458596,16.0349621349177,32.553582972639,64.2883782318274,6.76957341249547,70.6719560132697,orange
111.783972546358,21.1374668083794,44.3601793047787,17.3138722881274,84.6376754504804,5.61064704512742,232.600834757369,orange
111.079270602706,80.7016175569508,32.9399403035361,18.1313014790096,52.6112041494861,6.55920761221052,224.406335905383,orange
70.168879726049,65.3707609210959,40.5129243226316,21.2754403270201,72.2185672131453,5.63410763541893,122.356378181072,orange
54.6298525736806,33.3311648030445,20.9285069517458,28.7459904485131,62.4321073910371,5.9047853175573,83.7855909968659,orange
30.8927530752927,81.2143684137679,41.7266828458415,25.6752330393881,62.5254278129551,6.30616640150834,85.8981649372252,orange
76.269302990413,87.5922153133863,19.6914417551325,15.0196852162572,60.0101486942778,6.32722424195484,215.527021496336,orange
86.6217758630504,18.0467660762587,62.4859266763022,15.1271246094849,47.7891934466498,5.68668055543056,190.804740921969,orange
68.3318756559546,62.0251860711841,54.4734992596663,31.4754715638587,65.547979984222,7.00776740792569,160.023651942622,orange
104.757877506669,36.7790541177518,44.9875864386501,24.8691413597526,78.3818888703277,6.91728803581432,208.391686807569,orange
119.359061428979,79.9580085230796,58.5962395386753,30.5936783717916,45.6934272407989,6.81912543779198,237.189111144836,orange
92.223182009637,33.7959800771419,36.8951428876701,20.4259637861634,69.404876352942,6.61266053985462,182.816961092324,orange
39.1054984084822,42.5058060290785,62.6660304365987,21.507961753061,44.9073571478517,6.4807700007133,171.37784258061,orange
43.9864779282298,75.4322098127716,64.6991651643529,33.6566434794369,69.2139773556096,6.79404298090099,190.173993515863,orange
83.5164514945431,61.0901203616942,50.5269034977662,26.8347821439778,71.7235646381618,5.56795556846445,181.251700311551,orange
42.610946941474,14.4453567287165,30.8670618319265,15.9314516470448,59.5199901468679,7.05824409311556,199.828256657267,orange
55.2865074925528,30.0895501394242,53.6732772219336,33.2858238361244,48.889904531599,7.28292086524094,177.869996106192,orange
112.841560110842,69.7960640023444,26.7641286234204,29.8775696544338,49.8216557897728,5.85251280216151,198.282425351572,orange
25.6572483878849,83.0252278563684,74.2796221232413,24.5464221711952,40.5643552800475,5.94776302503783,58.2841340816972,orange
85.8823246443096,74.4208450170331,62.5691357476493,33.9694718732356,63.5058618562789,5.51490724553117,242.638558080717,orange
55.0755616254525,46.3416784053397,34.5177853710567,28.5054964448817,72.0068329209494,7.22904367546041,226.269937914922,orange
76.6783245916843,22.6010147913364,16.2978687515938,24.0329212551158,74.0002476023511,5.61718092771116,188.417271905773,orange
109.117570449187,37.1574569992523,74.3502437134042,24.7341817103951,78.5974622418161,7.33780261866646,75.602766962537,orange
34.2751610904351,40.3856453813546,54.8476031654736,23.4247266074758,64.9858240317487,6.84803926262448,185.748783981311,orange
64.5858814029889,79.8333045420392,82.6072318701107,28.5040189668089,79.7803064434697,6.88315655262356,161.308596819317,orange
49.3179819962559,81.1386780027015,19.8022562334324,25.1399212750326,54.0280553507749,7.23345226130143,142.855739972021,orange
95.53026633129,76.2648609961685,16.7972532062779,20.1396034123095,47.4380971898502,6.26063678262785,201.205983809757,orange
66.579235022226,76.5358766105659,47.3235155699418,28.2926220508724,43.984854104456,7.09081705826838,83.6808411235366,orange
27.4450412799814,66.7659225206664,32.7826944309206,18.1204483952003,48.5725992888085,5.88591575174868,65.3941306962604,orange
48.4596378116215,14.217870721695,69.3511580090742,32.4310849595028,56.5155484394708,5.75817785796625,165.579135751156,orange
65.0234737456886,72.3405571199677,83.5799115237686,25.9197363960183,42.3478830407131,6.85949549514777,121.364278994205,orange
75.1509804814826,53.4861142390809,26.497931183082,22.7989897075104,53.2165557999241,7.35278857306241,245.813957399602,orange
24.1217849143417,50.324247200193,15.739889205778,30.9090899284506,80.3276386229916,6.23931195900743,85.9331755041765,orange
37.9659443525439,75.165213488585,39.5681550794133,17.4246471386518,70.319571464937,6.2377296121501,138.848319891304,orange
97.5587378430919,29.9383945110898,41.9798145848232,30.9655772223908,51.3053258048861,5.83930331484382,43.2670986807286,orange
25.2441493632477,48.5641189099122,23.3050997919892,15.7275426949968,45.2047351702139,7.14111011551745,149.817527676848,orange
36.5997603519819,17.1825865689584,68.6251054069144,32.9360193283931,51.995361520441,5.78171593615865,91.1094910842876,orange
74.8670294018774,71.2700214894815,20.3269826086829,24.4168488073241,74.1744827265732,6.25853295473314,96.8208117256038,orange
116.469179539228,60.2991502221204,44.7328124007829,22.5681384781227,53.9897323674475,7.33348532478953,202.94370954062,orange
49.4346496599888,72.3064189694386,56.4169436979186,15.8494355533502,74.0534183099183,7.42901770208451,247.643034657297,orange
22.2001603628509,81.35404504433,68.1354153170881,30.6101793123457,64.7095414785247,6.89157759835551,42.8689864011803,orange
92.4782836495332,56.7920567685701,30.7101973359055,23.1440933086649,50.2603077098077,5.95465551244777,87.6525877265505,orange
68.3354662770105,34.7460936870175,37.9205494527335,24.8359302570279,75.5673331024904,6.98996463766786,58.4274366304406,orange
105.33121085974,65.5111855899501,61.0579147590594,31.0955568012295,80.6715577913781,6.99403636320216,223.046732453185,orange
51.0952094993997,23.9521848102809,74.8030432126499,25.1964192046767,47.9357102666682,6.00920434692372,150.600424981956,orange
107.394970556439,35.3617911903941,63.3233432324246,19.2066405546882,70.7564955184965,6.01382690785165,90.38088136836,orange
24.3838668169379,26.0258457884313,82.9841580931024,16.6575220700621,71.0236707776895,6.59801068394352,210.308285104254,orange
66.9504066030264,31.1387362802116,53.547268537128,34.3271489810791,49.8786939493747,7.30205331454149,75.4247939565334,orange
39.8035743179748,18.0885720663185,83.3011787889065,27.9057705276207,82.6946777909504,5.78402146617138,126.90445571528,orange
61.0498399478615,39.6081761408635,77.8168593639586,16.0331544191731,83.7726512242913,6.90049678804376,167.975041013199,orange
119.230378120779,60.968235680353,34.7025139581889,17.1381500373306,61.9630989208646,7.19568147868648,209.989422489884,orange
69.3566747518986,64.9414361896652,65.5331215590858,19.2879497838616,48.9105777833194,5.6213185461803,216.704086082384,orange
111.016810662587,34.2923139148822,53.0424457825918,34.1364516965749,55.9108982286001,6.21595839071831,181.941932100776,orange
41.5915239050945,67.1681879354493,54.5530450947364,29.6941412122427,45.1706224378062,7.15215643479124,173.00145642506,orange
103.02208705946,15.9054842618785,17.1852867781116,29.333786468177,78.1940626577447,5.90317375324814,140.212059812719,orange
82.7131257498232,31.5368623759304,75.1614963031195,29.6291533460045,42.3933663067377,6.21843210920618,187.93848908876,papaya
61.4339198458166,30.306351119795,45.1623726031568,30.0151555589471,43.6608156997994,6.6447654250752,145.069361499077,papaya
26.6448277824767,38.3136155215621,21.6384595290937,27.3830013314183,55.4021139398227,7.36698198964213,203.041593852938,papaya
112.25005968113,67.3136787010886,41.0540308878077,22.4633228813593,40.9793134876431,5.85226634347451,179.302634154122,papaya
81.2949399097333,65.2546683211134,49.8395716048961,21.9851178335888,78.6582578409734,6.22849548828252,99.4377383168031,papaya
23.4443144236898,64.7210851193969,30.7755442269964,21.0077919652722,84.9443413340227,7.44288993344777,208.330968524483,papaya
66.0772960195678,20.7321971332339,83.8764497865347,15.6710252168919,51.4162977186107,5.76601995167603,200.392244481664,papaya
91.9898359253955,84.9106597131633,21.8277479786555,25.1297549857431,52.0643146811353,6.90162348533125,187.972438744256,papaya
75.2789795935522,48.979960474642,40.0804066262582,15.6284679195976,48.2387297289626,5.58224623747275,208.291857865775,papaya
76.314603498352,84.6546297122979,43.105132038754,19.4455812705893,49.3660735778353,5.93458688745023,46.7210780534526,papaya
86.9906630027064,79.5576174881112,37.3132327815114,21.8701211581333,83.2920712643732,7.44962500312814,136.96280368928,papaya
78.2268519598184,41.0600926871691,38.7730418256358,30.3613403417921,41.9405438154659,7.29914656830912,227.540718367109,papaya
95.4300107599376,42.0135127157036,73.99376996746,26.8195302932614,69.8546200664037,6.6568123768814,141.147203143289,papaya
39.6764058059437,79.3658715437007,33.827634159861,31.3136051578045,81.864483159438,5.50037248246389,228.501654294553,papaya
40.09695927617,56.5957917117494,71.7890538120591,15.9112107292336,81.2072439450804,6.96353491836392,50.4982631376471,papaya
26.6913027813152,72.3023030824504,26.4087183966342,21.1209970741165,72.66996584957,5.98580604814263,243.809468030841,papaya
29.8998347343411,11.4941312007113,33.4349465223192,17.7991937393319,46.3697425561816,7.31667751903491,209.85764475067,papaya
73.3013962457429,54.6986995100503,59.1911784206476,25.893979338414,68.7499264877988,6.60070357057299,139.359940113202,papaya
20.2396824305131,13.9835412818862,51.9478060011509,15.6344836021934,83.8581817149456,6.62820142280692,120.072774635662,papaya
100.580376219275,52.2674148726591,65.575453643955,17.5481332757269,47.5512621237669,7.18611862123297,184.351286755107,papaya
82.1390120415664,64.3829160809437,34.9448662670072,33.7487352074817,55.0976423966222,6.52226414392808,60.5307992503656,papaya
104.839675428737,10.4487858714763,62.3004399646541,30.775440268114,44.1331366771521,5.67756199565603,180.270682363897,papaya
22.3713652521239,24.3975718758989,50.0603098678683,20.5365855365696,48.163705325296,6.65369831451853,53.5484027366845,papaya
92.8984522507053,60.8124713091238,34.2027971517308,30.0274596153886,70.5461040700535,6.67844469900171,101.570862881639,papaya
69.0333954100653,53.2679918609876,15.8787116226175,34.4748801921843,42.9375752005435,5.74291769519584,231.441006828771,papaya
107.894729286383,37.7100710327318,57.5083544582633,21.0676818183007,41.7648870995105,6.2507537225032,72.3400147037301,papaya
24.4184442630124,78.1684183274249,32.0066516692781,32.6555755723527,61.3893871108952,6.92668659306443,204.238923031017,papaya
54.8373037459503,27.7315928869562,74.5404170870503,34.7278030215426,51.9794569010751,6.74574175255641,227.405175560808,papaya
24.4630559647749,10.8480789888874,28.0244645723256,28.1340170340305,81.4859375108434,7.10914225113073,115.19318803921,papaya
66.4759925131109,63.0534038194704,72.0519602657538,15.5313606562705,83.5294967603541,7.01266357652501,70.4009355280553,papaya
103.359376053959,81.4879490395486,83.1411630139412,17.8439192114602,49.0662533203448,7.32103226698052,183.808016774155,papaya
98.3050662271236,12.5098805513745,75.8015941506259,19.0696519818481,79.4145573835888,6.52220895095831,69.8117924946415,papaya
51.9204987175392,22.9580508977911,84.1147700972458,30.9813859108749,62.4364587093873,5.53843648826631,215.206513975377,papaya
53.5774900548055,43.6958741553574,60.2678267449456,17.3461998171854,65.6862581058807,7.09187453966209,161.679148674793,papaya
38.8937681349431,44.2339330325992,74.9347522062877,25.1599512669071,83.0655178721368,6.7746475000282,148.103648153182,papaya
52.8045548092595,80.1705760835533,74.0935933352884,16.2947571469912,72.0559634254575,5.91521103606336,94.9317784490677,papaya
117.922748046891,35.3975661962282,46.7252776826384,15.9206133898909,53.2059992538793,5.93220376709113,70.5665369707004,papaya
70.1191911520991,76.2139316211519,30.9249116088845,24.3746835782075,73.1701094858209,6.12089925288265,144.541960598222,papaya
67.240093605239,36.140955735995,16.742017879962,27.6133312064285,45.1560488646645,5.71075112475583,164.763725993579,papaya
80.344934398469,10.9906765078151,63.6839525022935,33.3773508939787,79.3201326459274,6.75436327944247,248.143482207387,papaya
48.4843435177972,21.4527734422371,66.4032006735928,30.7246645706355,76.5225726745662,6.64547367167914,114.87495821662,papaya
30.3728849489116,25.4771989283511,19.9895524955306,20.5467817120006,66.0925923828467,6.3677391590866,184.426611663972,papaya
80.0250017643091,60.2969606827465,17.7484369104488,19.3979592828071,54.7093355607751,5.53392083385676,219.685368528443,papaya
75.0370254344479,75.5446576632302,45.3849907919695,26.9555175825746,44.6003480044195,6.83493383290942,118.913408661687,papaya
50.5086121105163,70.6186573489656,23.9014187356929,23.3937184924231,66.5014109720948,5.80879099774584,85.433180032034,papaya
88.4514477236436,49.4533839260477,62.7750665265019,33.5100163605576,73.1970755770789,5.78254287982478,117.421138178288,papaya
33.3296960095548,86.2885318679216,39.7329232304976,25.6948695474746,70.2177692275577,7.31273442218673,40.6718585317358,papaya
58.3671447813358,62.4977321049654,63.9278706391006,25.9381320378455,67.4599550256785,5.77102965408518,194.239367975034,papaya
52.3851447237586,34.0208112932839,28.192014458213,29.1876554089541,80.7371463723188,7.46153856718984,207.71497296063,papaya
63.5731769742319,85.5292957255288,75.0357212685215,34.818302849223,52.5763336301671,6.44279458697084,232.304463485398,papaya
33.5544709458735,38.5409947245107,35.6078002278729,26.7832266594205,79.4060039657196,6.47394505095386,127.585391792276,papaya
106.570157244136,16.4595057845393,19.4122681228501,23.614479456383,74.2494867412604,6.24515762028525,233.497081391279,papaya
30.1511565550003,44.2554835389627,76.0945525910214,34.5739804206295,40.8496302323647,6.46375059101905,115.739236299758,papaya
39.2907157909547,49.5234880780445,30.1282633306125,31.6488574243378,47.2225970342861,6.64005871635864,186.488689974178,papaya
20.9490451779911,49.6539450994013,53.0679834438804,22.8406380432847,59.5736462923575,5.67492757186989,92.1066150544708,papaya
49.9459217255683,42.3657947556888,82.0421688244874,29.6906449155373,69.1844035704548,6.13479977316912,136.211473707208,papaya
41.9516318859307,20.0339958118433,34.5061158339987,17.8834042804704,67.3685713053535,7.25445611018429,110.186242880386,papaya
71.5922652332076,88.7899070600001,15.8551285000775,20.2118681768011,84.5284899089152,6.61014502081561,237.953885825329,papaya
106.271883308083,16.2623278825834,67.9702923227894,29.3037364139705,81.2624425283924,6.93901620779141,219.804335338904,papaya
78.5069508564225,51.5363253473939,17.7084449458441,21.5225957550679,52.8301760893456,6.84657586987437,208.430993141807,papaya
22.3621109790924,83.2027243046103,32.0916742678227,22.4067674052933,47.4013934016234,7.30502631040524,244.41207620055,papaya
56.8618653327515,84.99673999613,63.1790860035359,26.0462336573034,71.1760586389229,6.22668997232182,143.649237884045,papaya
71.0800475492515,52.528977078632,24.2006945326928,23.908958392641,63.9576073987212,6.11097837361087,131.71548067672,papaya
52.6293335913817,26.0821445733691,16.3541797554838,29.631982685361,66.9051302209986,6.70387750826957,173.233830161967,papaya
80.6220880805618,29.197338157891,72.2628298389087,21.4615089848924,49.1773054069734,6.56433571179599,143.383323933642,papaya
26.9839784442373,71.4439476940054,77.3178527002772,31.5009317810186,69.3651709842333,7.43849342499789,143.761037748196,papaya
34.0819848580668,15.4756643648612,26.4012596483348,19.4828372842087,56.0273402980656,6.22528664242722,55.5964969450592,papaya
118.759185335952,82.5802861864587,76.6477307684942,30.0544749736108,56.5509436659286,6.23062392823893,186.438832514192,papaya
91.4007246640514,27.9857080141016,59.7117465197629,26.3316725247221,53.5258480480527,6.17788805751032,200.103532229598,papaya
89.7492522977988,79.6185784738597,31.0465363534384,24.7772236586442,77.4029708618312,5.50253251381336,132.60174512053,papaya
96.3562867307832,29.2946763799035,58.4280931406785,32.5966384064391,55.1309113437919,7.38528040884309,78.9494323399614,papaya
33.258100260635,78.5176229795989,50.5220089040333,19.8345732990813,50.7682944814527,6.62035555444674,169.91209576368,papaya
53.2713149642904,84.9886846519023,54.9246190394855,31.7228274404643,47.508515130034,7.08994753732809,114.72483293839,papaya
74.3227995998798,30.121264206302,33.0924073970376,22.039699082747,68.3636207684705,6.96340481446283,133.098738376563,papaya
39.8213573637518,84.6911123370245,66.4696476894755,25.4997197494375,56.2619678938119,6.76661668404314,87.0460870708554,papaya
86.6070122581939,30.8224430032179,76.1024279851012,15.6311254765052,59.0202291864065,6.52370857308791,162.099511247175,papaya
56.8351062931284,20.5025572751195,37.7398472897428,16.2255793629333,75.0444813189304,5.78753749015161,116.603668400368,papaya
113.287367277447,62.7107626445176,60.6903867636297,28.2864247696877,49.2831619709186,5.67025630649657,86.2703229748971,papaya
118.966765217002,38.955069421304,51.9492876329223,29.118795811254,49.4922008735557,6.98429232346094,236.217160083455,papaya
112.283138303218,71.7741271023518,65.1719874237534,32.5583673722848,81.7091245840812,6.2892000827888,179.995035682803,papaya
87.7078020608555,65.7967897764392,71.3209568738569,29.8836826416122,52.740376695404,7.04881258753539,76.724155944178,papaya
32.0233836639781,84.6886401226226,35.3494190193477,32.0307286442401,66.4570147970026,5.65709590453519,95.7213791812404,papaya
47.4754371156336,16.6048696295381,75.2465324291245,18.1016915212859,64.6681084947978,5.50738822948532,182.044518786503,papaya
109.834216977392,37.6035889739187,37.7931538283793,19.2346792501559,74.636865616607,6.79411763013067,133.559132778812,papaya
55.9105377159596,58.648982703988,27.8352419672698,32.0379363265996,73.7125916656631,6.89627269254824,93.7170869548419,papaya
116.142466085098,77.8507770168831,79.4095974482641,33.4634601224509,53.9824836766266,5.59091587648304,222.58110126135,papaya
62.8330366233518,28.9712784155138,74.8082350845487,27.4600827006903,69.8619194258293,6.83805505621156,176.096172493927,papaya
88.9615718410171,78.4862342795759,65.5983654784962,22.5737849285704,57.5907666993284,7.48048111329809,203.534528675272,papaya
55.2415010031506,48.3174891948316,52.2715118700971,25.268227146132,45.7306365416062,6.95871450633682,199.836976490839,papaya
52.5495717732932,18.5876309166605,84.9747731117414,31.7752991694842,57.1185222697065,5.51908849739427,105.799239164125,papaya
43.4426157658187,85.2422114066976,31.2338098959223,19.7491665858539,83.1206279425512,7.11393730976337,138.702478743485,papaya
30.7903881980061,47.6970499929493,56.2110879231296,17.1221983070123,84.0114079131798,7.09488533604652,180.592828337379,papaya
95.2034355305151,46.8421445585984,48.1245298931024,22.1652555405932,71.8553105331284,6.45411960266257,167.89202667209,papaya
56.9166097775645,41.0149549464765,43.6833154171162,18.6674876155646,54.2245308282899,5.7166107121001,61.5952761851229,papaya
32.9795593735667,78.381099397494,69.8967423592213,20.6637320693879,69.6767475733891,6.16949460314098,135.589807757917,papaya
111.555028591098,49.2737778086559,24.8861641995079,23.6533950030121,48.2472355795313,6.11744809458845,91.3473368908033,papaya
20.7755490023529,85.4976273679629,43.511100936919,17.9863238348562,81.9361563315318,5.68327760146152,160.426886109834,papaya
84.6818579475777,52.1145636784446,48.6351527011186,28.4503163273681,63.9618001314634,6.90864011897176,221.704612575334,papaya
75.2840705752764,75.7719936900642,18.7858763960124,27.8427098285606,71.4398484474234,6.23435431007964,245.402740531323,papaya
81.644938244319,74.359252073038,72.6046318316854,21.3709601510181,60.8212914903747,5.92860019599488,215.661654572776,papaya
116.960458437428,36.5581322212509,79.7915118815338,25.4924777571543,47.5751089316677,6.22899704553606,115.896227627944,coconut
64.396659473142,10.1968165487968,17.3840732324794,22.6837219985592,40.7499949893681,6.55874657214561,141.425172994577,coconut
52.8331696488118,34.2989596092603,57.7469550970695,17.5399766408559,68.3692258938072,6.67985900173889,116.169011833225,coconut
86.8772301482396,16.9717574897091,70.3373981105804,24.6921720587146,82.3696101514481,6.0328056796141,122.174282591871,coconut
33.9229691186561,56.7502504059813,73.1537728934333,24.3843843738476,79.4802416229994,6.97395458606722,182.214938971314,coconut
39.4455393214922,54.3927323652398,25.3524349957483,22.2829738665759,55.2919691523034,6.50769890426085,62.8635633144824,coconut
101.968971426584,11.6020607583234,33.0564574050049,28.6399348702468,77.7011741035158,6.49026254796901,100.504714050565,coconut
70.0753655797222,26.9802019824182,28.4084422855677,31.6453624873633,68.0966768707599,6.44754897847192,103.174779407296,coconut
44.4829684144272,20.8047014525182,17.8010699445387,19.5357772356531,44.4143057332441,7.44020900034355,103.99474974442,coconut
61.8082076785193,26.2632003874812,79.0476816864906,17.7865570517194,75.6578196867638,7.11152603831679,68.1140236873711,coconut
94.8827840550257,47.0223086872242,68.3995097099801,20.812114107335,43.8736021932557,6.00767093827374,218.307343315476,coconut
26.712120914232,52.6067893778006,71.1828301596375,17.0748604657477,74.7072204620145,5.70637684325053,174.079967431761,coconut
57.2125605294539,61.1375206947036,59.5865766026948,20.0593621121065,51.8441261708942,6.25276342441922,239.421398904836,coconut
61.9850386409019,18.6301314870967,24.6151882082295,19.8345170751375,64.0185228381392,7.10827441495297,124.337603870936,coconut
101.673575463553,37.4386008211591,52.9868223648457,15.9081575185564,71.021571467175,5.80848276536375,197.904421201863,coconut
94.9473666189925,44.2959229435287,52.916369330099,25.7658109677796,49.897255904459,6.40349939135066,77.3187797504099,coconut
80.2473900933971,28.992274039887,23.613208694669,21.5364823427687,79.011223534593,6.83252173631104,49.6508590130372,coconut
76.4070996159721,32.2412629529095,77.0451822886454,25.583863784831,59.3221588126953,5.86850118840509,109.08526536966,coconut
55.4902215001594,60.0392245734293,18.4215896126915,26.0467019356073,60.2364217747172,6.39494989947181,92.5809454464265,coconut
38.9602356958018,30.7954374797621,19.0834603151695,16.6380662199287,82.7026167524525,7.27310044028475,170.756907211969,coconut
41.0519971889686,17.6230940258238,65.0274290051439,15.8652756739712,81.6084407440426,7.0438344681374,211.64906194976,coconut
107.047321809012,11.145119444069,79.0431215632908,28.3365774682428,46.2044352694435,6.21130233197999,93.0595992799195,coconut
26.4966723353121,62.5047315156575,51.1350280680391,20.1997389575465,83.6495854815699,6.34589672221145,122.86000474955,coconut
100.320872962624,49.4226053913229,84.016881612603,30.4048151687741,40.1923635672742,7.35464604099032,126.70302423495,coconut
117.746045700156,15.1768552908566,32.1444564299399,33.3593807920624,75.0869791605915,6.34660906477208,114.245715096707,coconut
38.2727111588571,23.7345751811446,49.0150583880092,25.0949858082901,58.5550012060231,6.52320193733238,141.730089351409,coconut
81.1176314117003,20.7182491993151,76.985435635776,21.2364384467883,44.1320702685658,7.49544139206197,66.1734830570284,coconut
80.3633824551308,53.3696368538633,72.5341454183376,34.5791250092812,60.8620836566491,5.95616097583257,125.535360875323,coconut
80.2506107931261,68.2977684486181,34.1116117681896,33.407145411897,78.0067396108092,6.30900988299819,227.532679828598,coconut
114.960330191516,63.5984744381152,67.4201883666311,22.1633138261565,81.9555985121781,7.29822746841154,225.270318470556,coconut
68.4626954181412,12.4228224914627,67.8666360223976,26.1531485669097,81.0106326597792,7.32028490855372,80.3268072569402,coconut
55.8804452400098,18.0359382592309,47.0893185269504,33.2490192438704,81.8321046008878,6.07647182074211,118.503592814553,coconut
72.2590230462416,43.8403554418312,80.7308952397345,21.3221757795299,48.785082001139,7.39247956401318,161.846410768035,coconut
64.296008415658,27.032510422651,55.9074413873756,26.3547829312062,44.8193212225192,6.68283247164582,178.930332562388,coconut
66.3997184514998,20.931711164737,81.7559361722115,18.189543002839,44.4373132821346,5.98479204368069,64.9914427776781,coconut
71.1835179530007,15.3342964525029,44.4909175483002,26.0450893319422,54.3072115137741,5.93055765350841,91.1773476615443,coconut
82.827287736734,75.1683351328449,15.5534415880933,33.2998377821873,45.2321064007618,6.53837225727661,129.672745005075,coconut
44.697648745355,74.7877635735962,17.9439831631929,29.742451782684,82.8793278489631,6.10403721621448,48.7500427052146,coconut
101.737890086015,23.6676510114538,84.2942797249622,31.0850273054489,54.3426798304276,6.56091880661478,227.909526255871,coconut
116.380283868117,50.3810084054158,67.70816684361,31.6199072527792,42.0627949838819,6.00963952416072,42.2585606958058,coconut
55.6325737366604,51.4171173616392,68.4698025665571,32.5457202166066,72.8932429863574,6.17303869625229,211.08431342574,coconut
59.8302191122576,56.1188569134655,60.692308021566,34.8165399207811,43.2503548233073,5.96911988149822,85.574346382904,coconut
52.6799344889261,82.9279462960213,44.5648192705423,17.9146601925207,82.3169836179898,5.65468000069013,185.835818520671,coconut
109.583306801311,44.510443226672,67.3602170927265,34.9842363037096,70.8168740551066,6.19778877529213,179.538708124095,coconut
50.9841584092864,30.3945997079809,20.8797568529284,16.4085828519466,51.8964864951076,6.33251604104066,227.036657518259,coconut
49.2133077649462,32.2562063961552,75.188560481271,19.4382599389359,83.4474666991492,5.95395932647118,128.00610904489,coconut
79.4359926224854,36.9736819467385,71.9397058463375,19.9299222253868,53.3154758151227,6.8555731416473,173.770733696302,coconut
79.3163276367431,36.4495400835059,62.9683647109048,17.109249495952,47.9865892780882,6.1325975445251,136.703460564233,coconut
28.633342668709,11.2680976843778,76.4651936951397,15.9228306361115,84.4431232216037,5.80043433620615,58.5767274762395,coconut
52.1553215068557,55.500058478443,79.4278497409205,31.1572748125332,76.823586410295,6.152739893949,47.2799161203578,coconut
83.3396748748327,55.00143861631,79.6674008875468,34.4975630750403,78.2662151699263,6.05075913786458,103.309359775535,coconut
29.4209515999169,84.7662985673017,67.6900992741297,22.7783992177706,70.1998517570085,5.55493308978851,190.502444622341,coconut
112.431324530594,41.8987338765984,82.547666745981,16.7377320964531,44.4981661716002,6.36031616146691,83.217926702098,coconut
46.2351358897216,88.5409906127215,27.3040025598854,34.5574859900202,43.4543122809633,6.16123220541572,97.2894093428224,coconut
96.8420293353694,81.4421212633337,45.7042659449877,24.5519508465901,55.8137480732118,6.70467445310423,241.550970800012,coconut
96.8101268339949,70.9153872266949,24.1409024731912,21.5423884925164,41.8413641498617,5.81803905513046,248.346021244464,coconut
28.1272488963451,20.0286793382972,61.005509964193,21.3303428731534,45.5237780443969,6.24356459860856,123.42039365015,coconut
37.0016557523057,86.4344948513594,65.4683995062804,29.3668534394199,80.3295339808471,7.15773323255486,117.919531868733,coconut
78.0755600044856,69.8438838030416,84.7902697975702,30.4719568395391,82.5143559800993,5.55733286126393,108.41573675555,coconut
24.1552216299601,35.1266666618766,78.7925692991319,21.3938238594652,59.1308193253962,7.01382356021266,72.8045151628575,coconut
83.7291833123794,76.7505877403312,68.1837026137783,16.1808008985505,52.2012348925701,5.9273514805489,78.0265626860906,coconut
105.64038909303,51.4839915379342,61.2950009090337,34.080237438474,83.1475211531611,7.25113348278735,165.664784524434,coconut
113.759533014968,67.412418787094,68.1478409250955,24.1040951521621,74.8061774623609,6.67744227553599,79.3425903419697,coconut
21.3393792795666,20.6864373435669,53.7465107854207,16.9231147421166,45.8658893619971,6.83266937608489,48.3412572594086,coconut
101.127515845526,69.6719321886413,84.7778165479087,28.9524260973336,67.6691733639078,5.98205598559326,151.872192123845,coconut
32.1048838887852,86.8967964485738,61.1511838930432,27.5014662614565,67.683589420134,5.87993303983469,192.113858914056,coconut
42.9498653313843,36.8517358726131,72.371017903728,34.718593256417,46.8894860157228,6.95477097362968,61.8309460914838,coconut
79.6428098434782,22.1654038560416,75.5140504755611,28.033174161349,47.5685789052251,7.43773261734179,171.018588468907,coconut
90.0801879959554,26.4996478038373,82.4019015475185,17.8157091246991,64.6303473504401,5.78271719453983,49.4770338197597,coconut
97.2650741866161,63.1624964127142,32.9473396939912,21.8792656841126,68.5542436868671,5.63135802286275,211.474763164983,coconut
95.6445279231502,17.9961794652027,73.1092011174696,18.1655946854342,57.9439578032791,6.42598791836108,204.617979291183,coconut
99.7933768386922,68.7148490076488,22.7158251999485,34.5450681538997,82.2527140552424,7.37152677302786,85.1178826043,coconut
79.3831604157496,20.5871612255402,18.2173817759461,23.9335975371923,52.2472757856582,7.31765336814227,128.251861374943,coconut
95.4964358059207,65.7134655377425,48.9001499786508,16.3569964754195,42.1873565191344,6.85844595327901,135.938061404013,coconut
87.1115493248736,55.0556322396992,59.9376465030655,25.3712188128248,69.7767913922559,6.07482078977619,216.396392032689,coconut
25.2115304885486,12.7483992663903,49.536528165702,30.3887204897537,62.7642557270658,7.18000580169261,229.602303430253,coconut
67.2309984952356,78.2126586829371,26.447243397798,27.1678370200879,49.2517844840194,7.16056334490914,77.5520189188197,coconut
73.2191689839676,26.834237620623,77.8098385142208,22.2475412894262,47.0583547312107,6.29259906466706,40.310993446182,coconut
60.3533924093253,37.6674870157929,21.3300937350514,22.0029339040643,75.2696942143467,6.15409445606828,66.631837779019,coconut
37.074020959937,47.4607756535806,47.108472693762,20.5448545168828,69.1758846231624,6.24972848163439,153.760422847122,coconut
29.7984524489373,54.2066898402789,62.407069666035,30.3257866927077,43.0970702451175,6.53475769471133,99.3574183524388,coconut
104.376008568507,35.6604646638317,47.1620580936605,31.8602542378289,78.2023586883221,6.05605754747803,69.1739987159027,coconut
55.2767432738453,69.5746377015368,25.9328713318952,25.0970829604646,80.0999888149556,7.17700379606197,176.202089966369,coconut
88.8511403132468,42.2359250636007,44.350253049913,29.4420273389863,63.0830052765473,7.05209967286889,103.329652824127,coconut
58.4398537866957,66.3871665188983,38.1804387612177,26.1448443826031,60.4937844236818,6.77420567687331,131.183504723564,coconut
85.7844347254301,27.6031643979266,56.7261410885147,16.7605708827081,79.5514308240039,6.93765309613089,157.552506065719,coconut
22.5087779399514,60.4777550187324,50.499378831824,33.6965935671221,42.2058304432807,7.47578894345825,211.774283140793,coconut
92.3576724400547,34.200687270705,69.067200447464,30.1448425814253,64.1363054253796,7.28626983695955,125.98935548495,coconut
34.9634559708477,30.6363618469966,18.0931577380249,26.1173622082534,73.3598054914548,7.46216919550773,136.465925041803,coconut
81.5916226811668,20.2647078085061,35.0039344932902,22.8704774509512,68.8416670886062,6.90943327611752,185.933847951672,coconut
72.4643416295128,54.8076917067206,44.1777922721476,15.2438035515341,45.3853907484493,5.67761508476809,179.31896098392,coconut
97.1977125560854,82.972427677816,70.1090182015249,24.2787443703407,75.4669914117395,6.46719399698414,178.772580827946,coconut
60.2330990602416,54.7008437871471,71.0000063041225,33.3811017770232,73.4785563980595,5.5494680879868,146.724055384623,coconut
116.208503188662,54.1519809719883,52.2512303605914,17.7518334811329,73.198387764021,5.70082458118015,125.926026043448,coconut
70.2663090127829,27.7090792440386,52.8914064065979,23.1618503798553,52.7430025151665,5.74609938275353,81.775994702138,coconut
94.2412444549805,38.4450379146473,67.153636604619,23.3337398564134,76.1947319243079,6.9920989952479,119.308061171001,coconut
54.5799177114758,30.5533023274286,21.4351624326944,34.0634729243179,62.3869419667809,7.0970794687034,84.8528996039428,coconut
76.9548300266987,48.8616322161917,48.212814858748,32.9391603069097,70.5992167329412,5.87342659587666,158.137260725786,coconut
20.8196384184154,80.7732136132071,76.2218952464042,22.6386679930793,84.4777863307287,6.00850414229022,96.5559474409353,coconut
89.0791855422217,29.6772706227737,18.9091289666989,25.0995506206991,56.2246288201886,6.42377701072198,178.582894671048,coconut
40.3197573406248,14.3958510851468,50.1657667221342,33.7928108772229,52.5408045866251,5.7611047067964,169.420029502092,cotton
49.4983483056996,45.218363346168,27.9092619488525,19.8050870209956,53.5842650307269,5.89117263275719,235.954105870777,cotton
93.5593087848086,15.3469617689713,50.7794152553097,27.0639047921001,82.1351377047296,6.77274984739383,194.185372676787,cotton
67.0897803768002,79.6362758379598,17.4327515216697,31.3186424860352,62.1308841915479,5.7166867974292,177.551537555434,cotton
21.0950396308187,12.8868953897091,46.3737280626659,17.7388058429299,55.1493053045819,6.60733338031328,116.933652640755,cotton
63.0822264138061,87.7680550132729,82.0122230039035,23.0259609539183,42.5272425043058,7.39254505927327,189.774709236703,cotton
64.4435628337988,65.2144380543448,24.9175334022928,28.7304539111119,42.6399589644931,6.17239849114437,240.591741190567,cotton
37.912886067253,53.5768156701591,78.1247604000963,23.4842182735373,77.1481111748834,7.35140497137392,193.782951624032,cotton
38.4494690589837,47.4091602291023,23.6595893691571,30.7377423978121,40.9994029607621,7.42255706615865,99.6469482172499,cotton
60.4143349455736,68.8977530127846,22.23198412323,34.3044265449533,68.886383179988,6.63352812600021,104.001872979105,cotton
29.4736334446229,54.3053625730357,29.1328034336366,32.6035089779662,71.0546077327126,5.54200631847698,45.5570568403029,cotton
38.0272972295188,81.4459635650022,24.0586600122315,23.6626334342466,74.7464868914087,6.89961710823682,214.682522483488,cotton
69.1375996494375,53.7131059000795,64.891056492874,25.2227529465327,68.2583892011356,6.76810191444499,91.728790445127,cotton
70.4486184802133,76.6887241539958,58.0087649463717,15.6790397971305,84.324729845079,6.3583596287567,48.461378565273,cotton
115.39585630195,13.0691991760718,65.491095781555,23.3349225708912,74.6245832157436,6.80085588772821,57.7224305075232,cotton
119.089316371404,65.9908079616683,53.0824825344991,17.7082237520759,80.7114696901811,6.91167518841646,40.8865608418763,cotton
77.4539958301252,89.5439192650579,39.7628813724792,20.0012960308237,51.7661490532412,6.40442310222631,231.681144121886,cotton
38.9808088908814,41.2467744346926,46.7858575944723,15.2791084350455,81.9720897599925,5.6168865003236,163.95253142526,cotton
92.0207980237998,56.9989011283027,74.2356421329247,29.1021679500594,66.6320505187065,7.47233979309552,87.526025947894,cotton
105.470955486163,42.6486448350589,16.1469880217439,15.0541794114067,42.2221274614437,6.99485801881871,145.10139488387,cotton
104.652872423014,23.4955130952855,41.3008521805987,29.4652975604242,81.7696013356417,5.98421171050715,235.288707565185,cotton
103.931006111173,30.8524383701628,69.8721031820737,29.4704803519279,83.9635718469338,5.75504985184178,200.471599563245,cotton
84.778030926724,31.3774150709516,43.1953494754598,31.7344415358894,66.6393112166036,6.48828475316441,96.8438885299693,cotton
31.2398835417069,65.8249604589422,45.1211953070579,21.2575196317665,72.3850463947212,7.05581461803793,191.164384722321,cotton
78.6190930374987,36.9895924008403,32.3149081679596,19.2417873741322,71.7152143766709,6.32456904036206,112.088666582521,cotton
42.1890766742588,16.2685776158555,35.3483380611745,15.089994855267,76.7351827708702,6.82060784628643,224.988563016517,cotton
52.6830784476749,14.9869016581154,83.7109065934601,27.2971016318989,78.6390236782092,6.42432787032999,83.455141574822,cotton
34.0890372051341,59.087586910039,26.6190825643107,24.14791833104,51.3978984772218,5.95959529860858,194.167276650745,cotton
67.0881907954291,85.6338935697609,43.727222750302,19.1709133070758,60.8889345805575,5.92023164612252,93.155017454715,cotton
112.328557461653,52.922508587559,50.8004254222849,20.443714431228,72.1858182582938,6.34174221886403,129.436803930177,cotton
38.8860468188701,18.9680130448975,73.2555633821783,30.5129459758815,77.5227304047545,6.27957452869954,204.969290697467,cotton
83.5475735010335,45.8974728155404,63.8614629995364,32.220454540672,54.2084518234285,6.52580231569046,133.513117247966,cotton
92.3775068635016,16.5095149755988,67.8285416508226,24.0299181775329,48.2119091894533,6.7182989517312,197.711860345542,cotton
33.2933550576183,80.4241317838543,70.7167854186691,22.0427769734723,60.258464503688,6.75555757677907,124.744494070646,cotton
72.5804913381955,47.611978481343,38.9868552023484,17.8680912977402,41.8581771579842,7.06207940613948,239.926279811154,cotton
70.1494673314269,36.7011647795798,62.7224032430548,23.3889635877632,77.8004673229533,7.3971236757455,215.435296318231,cotton
69.6705259427757,66.9894397151607,39.3266056824134,17.9691034476129,71.3746599347213,7.11563714482618,81.8972062561182,cotton
65.5162420149503,70.5392957388141,72.4482868879327,25.6550706972624,76.5274735104886,6.84976136747271,51.7446526986289,cotton
43.179851576304,12.9014605297248,44.6455915084321,22.6730070671407,74.2903814182106,6.26404568216021,63.0308725419598,cotton
117.856867917747,38.4281231967863,65.2332713502614,20.4890109624197,72.9337654648972,6.48654130892201,86.6788830173569,cotton
94.7604377450237,15.8355867517346,17.2433410641939,21.8495297184445,69.7264437096782,7.33120537168868,173.60794114117,cotton
36.7933650858669,45.8744911271494,29.2578573405081,30.0594686973186,76.8982097189399,5.9080694077574,54.834923578815,cotton
91.3408534281612,51.7583637879036,57.745572101672,19.5914238433314,44.7771558700023,7.29220597250024,96.6361930857581,cotton
49.7496303123187,30.6592134109974,17.505847822179,16.5600381798856,65.4942548556692,6.95147070263115,148.808681852561,cotton
55.701645647968,60.392382093888,76.1803236981762,34.3070642088107,54.1546563078438,7.45446022132154,188.587188966846,cotton
88.3796362338493,73.0913666557015,28.319393425863,18.0226799114713,74.1675099051406,6.33939725292819,53.4116216299178,cotton
78.7837117532192,27.5859819061989,59.1473842943774,33.8409651996759,48.009466174063,5.57805665679185,95.6836304281296,cotton
103.337199261103,18.5573705698165,18.1415549168091,27.5140487088422,66.8725450694899,7.40516847553904,134.52269560868,cotton
101.470466675922,89.6999922765884,33.513220384956,16.880972824004,48.5440300537944,5.73618342179627,210.292610819588,cotton
101.852636291577,36.374324162665,70.1334157097775,25.1082459604872,50.206206694807,6.22616890106637,46.218556108055,cotton
93.3337464152527,43.6299184866389,20.4906037615103,21.9376204288274,61.4381961903713,5.91166258529372,189.028428974109,cotton
23.8415393809981,42.4096726032019,24.5167554307341,22.771017191825,70.9018160313842,6.00595287070887,149.965337412416,cotton
72.2937644050893,76.3300214644196,38.7755542498899,29.347604994824,41.1090642801063,6.01489993674443,222.509256071648,cotton
99.2392179738913,84.0641977610366,18.9959748061355,26.388213267265,53.572311200468,6.00589534105076,201.555258469449,cotton
109.014572179417,77.444535525257,45.5645173371604,34.0236708796693,70.4174745038233,5.97109594590547,61.0072509762865,cotton
88.659315103972,87.3153727489129,34.5174989800516,17.4152661684972,73.6038825305197,6.98089777747211,203.020747319339,cotton
79.1128995917332,20.2816742333964,64.3848447126266,25.0632062321823,78.9301873994666,6.07454546102069,102.073630961624,cotton
70.0553783728068,45.8375559541572,70.1622433798212,19.0431744065337,44.7535516972437,5.82104095272768,237.598509726859,cotton
69.4571509070029,11.7081473775712,69.4229250654685,18.4959488844014,82.8797629954665,7.38069686194914,71.1366311233196,cotton
76.2064213474311,65.9454149640843,45.6157120925448,15.2152629011382,40.7842808080764,6.34721987082028,215.632343532346,cotton
106.268310894383,14.8663488798152,56.7631858921438,20.5578585553718,63.2650485836272,5.68560484526009,82.265268602532,cotton
99.7281544095502,38.1270058211531,19.6375246227894,23.7298328004451,83.4553723006767,6.4474440715031,121.814306993882,cotton
59.5087244638748,61.888313094102,67.4317376559748,26.4061879140354,43.3762373465003,5.81817848808979,80.3245448136351,cotton
114.509031714177,50.1080844738093,81.217610494335,30.8773864600236,76.0045205992668,6.75603920186685,46.1036043130344,cotton
62.9203240866402,31.4504372800935,49.4678016586545,31.9537362628401,78.8648257795092,6.4184884517074,173.952841704689,cotton
58.7140088429274,25.3132085573455,79.6986054790665,26.7726680504962,43.0473124180209,6.97936420118407,186.430892644651,cotton
86.9764269455226,66.897600505919,66.6814062938473,34.7441736421288,60.998187785036,7.0173554678994,75.0651634554682,cotton
25.0713773374778,65.0673993560799,45.8317624548598,33.8480193162561,51.9034311114361,6.78864570208296,232.694486278433,cotton
75.9478305075075,62.0520861689244,48.8816523337186,29.3380124374935,60.9152269763477,5.84439680275712,117.296443678111,cotton
28.3457106763244,55.9082548161541,56.2163378816174,17.0402428982967,40.6515014454031,7.00344252656374,41.6689028039895,cotton
65.7188806709456,75.9807224878952,83.717319522387,15.1461888571019,58.8733214553787,6.48946335399033,97.8184700141747,cotton
99.0131049598628,26.6128048005573,71.466244862632,21.6694812507692,79.1203840142676,7.22417562721492,119.482788173241,cotton
77.978797405017,14.1554733757654,78.3700093130441,26.9828420746992,76.6714618665499,6.94055576596435,213.808974504382,cotton
74.0764029855264,45.2193750232548,76.0212946455094,27.0587046407437,65.5367664646063,6.15842332349085,163.124504165316,cotton
33.7366821122061,21.9600781854056,76.9637576034124,24.0429717065035,40.3130411800523,5.81805962525218,164.640242999718,cotton
106.358346085231,46.7022204942546,80.4564066070395,31.9022709582477,46.7316028320843,6.78453348823103,201.562923650054,cotton
64.2991017104588,64.1890371098132,41.8398591535352,26.9088190942578,53.9549764496996,7.47917767147495,145.770517869746,cotton
72.190976800486,64.6815183640837,50.2009028825913,18.9911287017125,41.4149521134863,5.86057074571055,232.44920313938,cotton
58.4516843308004,18.7954570021459,43.306194757254,32.0384688847877,47.4484006862381,6.87803776998913,177.080487980079,cotton
25.8159082689397,83.717128296251,76.6927834049299,32.2477079263179,71.6376100441616,7.0699290016526,190.402947771551,cotton
79.3165661018885,87.6155459497196,67.78199890758,28.306604015318,43.5105012489997,5.61662905575551,60.532332677642,cotton
96.287922391802,49.0644977051134,15.5245994127004,20.1474622288474,55.2830271703578,5.66527605995782,169.245981154612,cotton
66.5981997766524,40.5861196809384,32.6814505167685,34.5102618073627,84.0434997896866,6.85420037962226,140.603989684304,cotton
54.8834543651358,52.4573849711834,84.5233072571099,34.6814231759316,82.8961536604427,5.73316605399976,120.81470622719,cotton
95.5898860169528,50.1680865698345,66.3138890877896,27.1410517357947,49.2080950710029,7.07492923903043,235.036262467055,cotton
91.3324655179551,69.9073188285843,52.3958364023808,34.0686448286607,45.4886880239885,7.13730352820703,170.543900071897,cotton
82.1636991212907,41.7503946794897,56.6185232957911,31.5179437848357,67.2871384757045,5.57461435071873,164.357187833803,cotton
73.9137607691408,60.2986661578988,77.0810614163433,29.4862712242111,44.8538939956827,5.97427579130711,91.3095346471805,cotton
63.9477012231702,70.8670761719658,62.6881329378524,17.4952655949142,82.3779175395043,6.92588215667097,41.4658763871835,cotton
118.620513919099,31.9550975141838,60.5224367256846,17.6999698219355,53.2828034708662,6.87342589226245,198.058041943264,cotton
83.3485010654426,67.469273273586,16.5456594254569,32.1354718958658,78.6301791568427,7.21485799630864,192.711486012075,cotton
33.3837378646171,41.8911816700786,26.0721778688357,21.9373400821059,43.5674133238231,7.08530969898464,85.5198630204051,cotton
107.33677551492,77.6946601959386,76.7917317905425,16.9352004779201,64.7647025737747,6.8688259792369,97.5080050190482,cotton
118.800303320773,78.2373753880325,73.0068273181128,18.604786881993,44.7569808595614,6.72931451128298,173.440688924603,cotton
32.2441214566324,85.5383846515503,63.3629088701508,21.2241488910393,55.7767403152663,7.1790394846718,230.187045377766,cotton
111.036741105391,79.1833165610131,75.7277976492084,19.9883177061511,57.0869003874654,6.53426712985815,104.184323052962,cotton
56.219868127359,51.8468057931619,69.4527392948292,32.2491129847472,81.4128802979425,7.08043822254075,63.6958506487756,cotton
62.8255466478064,71.4065199258768,17.6766927040539,29.8969337320407,40.103498043075,6.45761939927825,175.551215263806,cotton
106.539872356942,25.4729509798218,62.3573975485551,30.0547547987917,50.9247284130774,5.68353140083306,42.3931944567678,cotton
65.4409962731604,47.3820217127828,17.4961691687331,29.5736324482475,82.8910798220388,6.12221731088227,242.23007226001,cotton
118.139179543657,11.2159247329533,74.3140897011916,18.4123565272486,47.5275741110219,7.43641601872464,171.41891390617,jute
52.9882119935882,14.0618148837526,37.2448586403601,18.7084891384973,77.0997164967003,6.54518893596027,185.779007098535,jute
37.6648309070919,62.2128184755392,54.6452530564951,21.9658854543073,56.231951921355,6.02034123918058,49.4434243717433,jute
87.1379569764891,25.2804572578894,49.7674701757578,17.738743099728,59.1415539030645,6.08848693901137,230.635630893817,jute
25.5809801004738,69.3789372869669,24.3641818777491,34.343022433735,61.5599705123156,5.79967407989301,133.841370918714,jute
95.2382439911544,25.2715462889855,55.1960202167723,31.700410636468,62.9770760624563,5.53935525102511,152.458486763043,jute
34.2639201200865,38.7000444665086,54.7119298110306,23.3666719628343,65.6127054596379,6.13442083198317,98.329947268744,jute
101.461504046554,47.543904128272,41.6271144787907,26.8485012891928,42.2922116132882,7.33606331322159,105.102567391052,jute
102.41933434383,38.0532794576386,17.3576469963219,29.8382312035366,70.3284042935485,6.93603126678431,97.5551869755402,jute
50.8535969959822,24.720773442984,30.279133466668,21.9065537708376,56.7740842615134,5.99464415409353,129.095832523469,jute
66.1765902331921,89.370551816826,50.9291618624372,32.0021670483994,50.822184733498,6.51890416770191,151.035477398446,jute
103.225515989226,84.3491889882596,65.3022489791281,32.1239326415229,83.9664874081344,6.7600541297626,90.6508997132307,jute
47.2937914483686,70.2709341702382,41.2308240058975,23.5634483995677,50.4312422501069,5.77370289073964,234.919710259382,jute
104.022833539184,53.2438551090862,21.51762801526,31.7327430084035,53.574789645418,6.02288856940478,215.161678560619,jute
37.4740887794057,37.9231958221286,20.1104136719883,18.9282760880554,43.144975252517,7.20699156900262,114.098319008061,jute
67.7166903893075,79.369088704404,66.9621698427769,31.2089008354623,58.3860807741927,7.0625437142153,248.307018544668,jute
62.1301130867238,35.2061691625072,77.0000449670479,28.9386297268507,43.9594855829885,5.5657551167839,47.4755916499885,jute
63.0622990909323,77.4837822408806,79.2008687994447,17.8190408939584,44.9711784254625,6.49215354537226,170.522889057418,jute
65.1583708846748,43.6131815396311,15.9429841399859,33.7766200391467,51.1603509616853,6.88927427464597,178.077997140623,jute
78.0324914576637,61.6478117795884,61.1847979371365,33.1428942913855,74.9439076170995,7.27669124481114,207.111912224028,jute
108.627306832293,60.592747614995,58.2409164743688,31.4645162115174,56.0010814717976,7.37250182585442,127.974712950166,jute
42.5471074332237,26.591523483671,24.7793964854346,19.2734684721909,50.2855026839699,7.09701035152982,196.264758345794,jute
70.5492669765601,22.4680512829069,18.8823231793392,34.1883541453576,56.0838555316831,6.96262314238708,45.3724709597288,jute
64.6948839559662,68.3076408031898,76.0129827871048,18.2114354722255,43.89856239031,6.16884782289567,216.605005421026,jute
86.9479467286486,28.0745680341844,70.2850740241283,21.2291457626173,46.5039371193871,5.97965408977105,154.313483743143,jute
41.113793282357,33.9542312286581,37.2408363885436,30.0978208682955,65.1921636891515,5.90522072483097,87.4836532480473,jute
41.2770725699501,79.9012430337729,65.7610304843453,15.3888214567624,80.3259382701134,7.32679275042694,55.7147714103175,jute
68.9747006208518,58.3456854374826,81.3408905110978,23.3822453712962,47.0665323045415,7.04037563108857,132.258088040286,jute
110.356383514757,69.6890670711589,61.3857825875216,20.37889736955,67.0822150665718,6.655901976468,156.758237479608,jute
118.146194311858,37.99351138435,78.1551294835076,16.6806958064813,65.1405158895722,5.89953594859668,101.814494757827,jute
105.642275067811,69.0188420466235,29.3168664697171,30.9518630411252,63.7915543950124,7.09894112106363,89.1774039106338,jute
105.507997211771,21.7165169174394,24.8791490541208,18.8100551645318,58.9462391305464,7.03228794295913,77.7438168263733,jute
82.1611032458773,77.3647811577491,77.4641513696239,34.7499576954869,61.1337653203559,5.71005138764626,104.590560511961,jute
75.331455196874,62.4057757725966,49.0162322456093,34.159977165591,68.109671838167,6.84024205493752,88.5748443419928,jute
72.3846645617786,75.8353154295289,80.478439775984,21.7490766135739,72.1132780411808,7.06095501573801,172.998093661386,jute
106.658554238574,69.4560274758637,58.5063381555985,27.5666568486796,83.682276475561,5.91029222980621,50.1816112362694,jute
79.9656876921494,51.7218668953152,20.4909477175637,18.6159893049002,76.5313157539495,6.25251829193557,115.56869123856,jute
70.7859127832511,10.7896892730099,21.7575833884802,16.7807780307628,44.2634026213844,7.47356127853205,103.652721728968,jute
28.2663328425336,67.486439113266,73.7716005643697,33.0808366919313,45.8207289878375,5.50573866255849,109.558998564984,jute
52.3515018598882,26.4579534607278,74.7134249283529,29.1479827063847,84.3549908624752,6.59281641109512,198.555352915337,jute
29.8859421023568,31.6660722446004,40.1415529638257,24.9784394865755,80.4945810514011,6.0181804692923,240.268111759922,jute
33.3548860966018,42.6003251749092,69.4039575124178,31.2570471485411,53.223784667544,7.24291574384222,43.3573787349078,jute
101.307032695649,77.1095501571473,32.3890450398387,27.3777224087984,75.716359087134,6.16043211364207,204.623664931685,jute
22.4619854532471,72.5539858185472,65.7003705486191,31.8273544389882,49.1024552630738,6.93450107305986,97.9897902477485,jute
51.5798917932342,28.0314546162409,48.138023094804,31.5228110628774,77.34329231891,6.70965084117355,125.889938429878,jute
93.9045212855118,68.989749056748,56.3081849046555,18.8972540311037,72.7460682078945,6.19890104732425,239.314038166457,jute
51.107642422946,14.9915920593737,21.3832634018656,31.7097530312416,45.9135156711161,6.1304916174293,147.193385244903,jute
56.6855041294757,58.3707198725877,21.1959110415522,18.8393919001517,49.7286466926935,7.44220655222526,55.5903089631304,jute
68.8901080325665,60.789922760236,61.0287976665556,28.9520559059233,64.3827864152299,6.85503163344927,211.727488037072,jute
38.2110881983354,34.3039250487014,84.0698262998228,24.2802188216151,51.9984603100449,6.71397562195266,55.5452739612876,jute
30.1497513754991,62.663840154495,44.6816393219315,16.320129279662,84.1344489921511,7.16961549300217,189.844120363632,jute
91.9529921989669,60.6481224534326,15.4116049271131,16.4173064853145,58.0902127516876,7.03139433336043,239.278214093893,jute
82.0759184295665,40.7909852037164,59.3919670695402,27.273175833874,68.5174965013366,6.16952028063569,92.530267831185,jute
30.2497828706399,84.6050139863999,49.8081934381315,18.7170141300731,70.2370618121871,5.76272904885129,67.0827638716822,jute
95.8595837633403,18.3582138309061,41.0033697336928,32.2955801604761,71.8716098982243,6.37283915508205,95.7250807833509,jute
114.633599647616,63.1591676795665,23.817419171714,19.7085323113522,46.1332988325196,6.22139227237617,201.567943250559,jute
20.1772503835043,62.1339345593629,58.8716229721306,17.7966994060188,81.0318392519987,7.23761213279218,157.883856514415,jute
111.891174806231,38.2032676917516,74.5246504570938,27.6582061372037,52.2502451796319,7.14776196314383,249.789933860204,jute
92.5735327101189,84.1410810100572,76.610903023561,21.1766165244284,71.6549449933949,6.66915577611381,241.796157714816,jute
72.8623857781581,60.7522687924804,29.4260421369346,28.8749346015393,54.8174915112636,6.86717269819564,181.628869442096,jute
92.0397719051874,50.6566261689442,41.4762523288262,24.948532297252,83.8328801858392,6.46154594838691,61.1523182229848,jute
48.0888492837962,79.6417948182867,18.2211015341902,30.2023211378615,51.8151306113299,6.63522768911683,216.333658809929,jute
95.1936826739431,51.6899648875417,31.2308090814533,23.7206065415966,67.5642368186099,6.03271568498235,86.3261405687435,jute
93.7726083368867,29.6645898836034,79.8617052542333,23.6570461507221,74.9253211659032,7.11687414795946,139.361215671227,jute
21.7270822086032,43.6520923830811,46.2261768156784,26.6508212181045,48.3348872784222,7.27385701973637,81.687946092192,jute
104.433301903509,47.7695978608772,24.483858439831,20.9632733305745,55.4398603320307,7.29654872035447,133.417835195278,jute
25.6241077397131,76.731201702138,53.4100338529842,23.8176952809178,40.763381957432,5.74249998957035,203.104276518852,jute
31.3278798811733,87.9374092062644,33.0401482097991,29.3347798634017,58.775282797299,6.40764503688907,246.361043493432,jute
46.240045356676,46.1309109423919,19.5202015128546,18.9589151199716,70.2551155096177,6.75515335763579,95.3597108579053,jute
64.9871280440069,57.9941996782991,27.4302497191496,16.5467748146256,70.6308400610605,6.7823401211213,230.596799617911,jute
24.9004587833306,17.7108007332826,24.6506662385774,20.3886117718129,56.5637567041273,7.05150767022348,183.111851254065,jute
61.1667352268317,40.2304816014275,84.4377280443151,30.1830840926539,70.923418563755,6.89292323002262,229.838324887603,jute
64.643353971021,25.0697469781478,75.6061447414598,30.3598242138325,59.489769614064,5.93168478665486,162.20583874835,jute
22.0483586481066,15.6727507736873,22.0152537371103,28.4154421432947,52.1813956611703,5.86245832702259,167.337657360983,jute
43.4212525297987,39.6911818672396,40.4482216320225,21.7255741761651,61.6035970401036,7.23816644667562,53.4975843054697,jute
107.783260591227,19.587979395682,46.3115883205606,15.9829004858541,70.5130907499758,6.10237325942254,218.653951272673,jute
27.3755366762055,15.8085411069023,45.715408595612,34.7029764203834,81.9001778712963,6.21925129495526,40.7219255532706,jute
61.1555658751892,34.9418342602168,36.6543271027758,19.9515868653318,59.1397450254949,6.15134248447201,45.9894102839704,jute
22.5475624494942,13.0119000016767,56.9060936998139,16.947716019092,66.75361022202,5.65023041802935,77.2655136637695,jute
20.6741246677349,60.2737216140487,44.6012847077107,19.1421428994006,77.2320276253075,7.17943562459174,159.406196097567,jute
26.8522094780822,43.4794930524563,65.3192330479246,30.100746161817,81.1595093627272,6.96239892833978,238.812926140992,jute
119.830262083481,62.9141087331409,62.9936300301895,21.7916523510551,76.972158221515,6.7058641124544,212.75794197468,jute
25.9366845087785,14.3358794619962,21.2089555879165,16.0950453398261,64.4535391495812,5.57150641925237,218.994966097639,jute
28.2200992425066,77.8919938522819,81.6231456336673,16.670880234647,50.1732139313469,6.84655654865622,54.0729652177882,jute
64.418524366067,11.2732844433157,69.4629173234398,17.0747334426617,63.3958525831792,6.36967361386385,112.037048433925,jute
109.327926509701,57.2401074912586,49.4779424623018,25.2134380723412,66.7512300129753,5.66358556326646,45.7063307686273,jute
57.6222390856697,83.0428156224279,68.046222838129,30.4584231113356,61.2482418754363,6.20959592084847,238.948624333808,jute
77.4223026900656,36.734090422622,25.664841458511,20.6793282114339,76.1784071201358,6.93248790476121,247.127431494709,jute
76.9843740002179,71.3669570448654,62.0045307450949,28.7716868583912,42.60645354288,7.25942819926861,156.36464920657,jute
84.5510303622815,82.6065288077139,31.509216179377,21.0339136170381,47.5642862182876,6.45924660515005,74.8783917980634,jute
66.369714963422,57.692586429274,53.0856254361969,33.9788040607138,82.9282192596831,7.1503679555144,188.255506329357,jute
113.561472787318,25.5164831949009,36.7435999315901,30.0777653581825,54.3316141256744,5.73927943699028,222.692065519603,jute
88.1739925258672,60.0549438456329,72.3839183092974,29.3188646502415,72.3366784548092,6.21342492323063,107.921460269914,jute
102.341438057991,75.6838991053793,72.546129248825,25.7310117644868,49.0935406899515,6.44611125297198,193.449538319115,jute
20.5453585183925,51.7565790385737,47.9857832300411,21.0817580698439,79.3828596032145,7.06257364319757,63.2104342259515,jute
93.801879991685,58.661961168359,38.4518345275204,32.0000834935345,80.0976988580533,6.06068500157478,173.188092547091,jute
77.3130923124557,38.8696352154341,80.4287252507306,29.788817518758,74.2033471512624,6.86831032082825,242.39177945647,jute
48.1894812026012,43.2860547086625,56.0026713837882,23.9900478948793,45.5309878431871,7.1853041097919,174.459381501404,jute
97.5108591548683,67.7594242141393,43.8672730367944,30.0376349198807,55.8457758072046,7.45053302866897,235.333839964743,jute
87.199880195409,77.151790516056,46.4860255091852,23.8661131210933,55.225880360336,7.01887267898716,238.181436321783,jute
21.7412283465924,48.7795243220308,75.6157340484745,31.5506575985582,43.4366482372566,6.87841302593165,92.559526065625,coffee
66.0178298624315,80.991318854965,70.7976798600506,23.8400860171952,75.5005209732337,7.03388341773948,191.947342363162,coffee
30.588155412389,80.8378421100033,74.8209856123761,30.04527633779,82.2385645016276,6.44048621642426,242.211143757315,coffee
108.628171192775,83.8109274179726,21.8685700077883,25.7786324670439,53.7284193903806,6.90813573887951,229.237745445798,coffee
72.1473058742226,48.7916568474805,35.7294653918266,23.4344296848562,81.6123469414247,5.54009850604464,95.5413309976185,coffee
113.13316298329,67.5850712403586,58.5378660371238,15.9308176026357,46.9050493868557,6.2799986231979,106.135361514117,coffee
103.460131698968,59.2223922019929,36.6914211593994,26.264557703987,49.3746162459136,5.91320473906268,158.884622044342,coffee
115.392435507566,57.6171884534961,63.3729287415617,22.9943626038704,53.0136954076652,7.46162183394731,67.5374200230173,coffee
76.2107461300729,71.4253303322128,35.2020879603001,30.4258794875005,84.3312389586732,6.19830267256978,237.128100375239,coffee
60.2495775093555,50.0779593922561,16.4197971631865,32.2836329030262,73.6101605131338,6.41815248919565,76.655484101109,coffee
36.5659635870559,28.6092795145741,64.4006055730398,30.7037844954542,43.6109708475931,6.7959598308876,50.852882936994,coffee
50.7356690199746,73.059598683873,83.299261670699,16.9350236197631,62.3859474958787,6.17002974668053,159.185227769979,coffee
108.968085492481,58.4074704574456,16.5402347834503,27.710511792782,41.76572512219,5.76670391404382,117.537075391755,coffee
115.199676135182,36.6694606592271,34.2672834029734,18.3661379680811,41.8381588891326,6.25245010608456,130.742163798186,coffee
31.430541012171,33.1675702813862,63.9332368033627,24.2286469923466,73.6386756220081,6.28313464707841,205.535591033071,coffee
56.2598861736524,88.8255121925964,58.0170233794567,19.1789886933654,54.9773950688436,5.65890035320022,93.4976619312063,coffee
117.957164560425,35.0318014738298,62.2179955370808,24.7534628723531,40.636140832508,6.24231307243105,147.691133235437,coffee
109.588111168513,89.8623570054129,31.0059238858549,29.1530823959751,54.6575929409161,7.11065151151766,84.8692036489347,coffee
109.924773569184,44.4380824800758,58.1817628458057,15.7879164259825,52.2289688080684,6.73914970608388,80.5407688163876,coffee
69.8650355031085,32.1325998483843,59.4723181959578,29.998787499498,82.4551397410478,7.05856796892293,150.687218569539,coffee
81.9774478310614,42.5979558902783,44.8603308479583,29.1281466903762,42.425580118981,5.72894679486237,244.209274306991,coffee
22.0470739817466,58.0563289895916,62.6443628350479,15.5342302473887,40.228083257204,7.33858124345475,85.8691026716815,coffee
49.1315165949667,47.6312147628661,67.7644760873003,23.436036747152,66.3808705501169,6.64920368937273,137.303736469384,coffee
75.4842871406508,89.8117263241726,26.8687529358402,16.2215227825667,60.6943895601176,5.62339898204589,140.993471020364,coffee
23.6240020318069,13.1379169612834,66.6413638049929,16.4137782628712,66.6342648289326,7.47146585396094,97.9823930086486,coffee
79.0805013939182,74.1663920433104,15.0872749695961,20.4364501430823,71.088356124744,5.98247551754232,224.543169133618,coffee
102.977191863105,84.8998857265803,15.8879016250781,20.3337269114953,71.5127904091556,7.44925396328292,83.540389707098,coffee
100.626731356898,80.52324812418,37.969627633211,22.1441196404137,49.2106962898796,5.62746173428719,53.6356374498623,coffee
60.9827869576322,30.561803328135,60.173183677333,26.8805291372726,42.3748257883707,6.48300765034883,246.688451094873,coffee
76.1480150353853,85.4319988914914,81.9215819458112,23.2639193014539,82.0100962636108,7.38463533012412,187.107131922202,coffee
86.8310283994447,70.2025155630906,25.498553114244,32.9077841890546,55.0013838661841,6.66914826034063,192.264900082846,coffee
26.1398007469903,22.5495443551566,70.60728554875,30.191821844872,43.918262922167,6.04717220298349,88.2942684173092,coffee
35.7683360463792,42.7676984820365,64.9438051786012,22.7438082395791,81.4900926926593,5.92235005294082,78.0052003162006,coffee
74.5057358939693,38.4732471911578,62.4457235203338,27.7615690383881,73.7380270118537,7.28909255274995,96.341271338212,coffee
119.334858543861,14.5329367763051,74.7443266351448,30.3345307313532,41.4539192460728,6.51365007414187,68.9709762106514,coffee
32.9009157013618,24.2526565931051,47.3271740797568,32.426361077198,61.5620531637976,6.1797213082573,113.170271042348,coffee
30.0153237162229,78.0753121469521,73.4104755234022,34.314027940535,49.8062975657202,7.00851602550061,124.797325876913,coffee
73.3303755118187,29.40317344824,16.8203887165619,15.2311126982007,72.9014187366243,6.53906601529525,65.8831142614983,coffee
59.661585464916,47.7746623930403,33.0117530273328,26.6726030463691,71.0512534207903,6.41355836899651,54.2903786265712,coffee
30.0207594735645,85.2719530441202,84.5005188973157,16.0952638560418,74.5042478989364,5.68403135434912,46.0215827245366,coffee
43.1438023611641,30.1332926843936,51.1110650683339,23.8569064572718,79.2091467553792,7.16509456451288,133.429865573267,coffee
70.4974188052571,77.468854853636,62.0663938424859,25.6363241982815,46.3129718631101,7.22898995677428,136.609414367289,coffee
101.412204160081,76.1987861926662,67.8619631160339,21.0233335597549,84.4281413240489,5.52940820903955,193.802593496536,coffee
90.597492750081,26.3604812027702,35.1381531079012,30.7825776635588,79.7386661333678,6.06076088015026,249.988584909583,coffee
111.00419887854,77.3256647155274,78.7656742957261,24.0231331852372,69.8009051009086,6.25024517287977,103.391803616375,coffee
119.087350954808,50.8106555979749,54.8097218432509,32.1965653249978,70.9143576426033,6.85669760655458,227.244749985284,coffee
82.8822594242554,56.7946962112536,18.6269759683064,25.9947918034134,66.6527892750002,6.71600918342174,100.077966158315,coffee
31.3414585643175,29.0154923214649,67.7517560370042,30.58938069995,43.4790207694653,6.09256180217143,150.347250183275,coffee
24.7160143520292,28.2547565262088,60.7601507779957,34.7646580542273,64.8475078981591,6.38991695870176,164.935761846106,coffee
20.1789876726358,70.9151080534398,20.6461685456551,24.5609185609785,62.0217576376264,5.81635819762776,212.882191731074,coffee
51.7351632433642,24.9168471688949,45.89368882165,21.0061260806425,55.1359885559119,7.18150327153574,56.2019899842339,coffee
81.9572312393958,28.8699167309654,31.7572505105088,20.8159452703856,70.2569131763917,6.92772017858351,207.291754659867,coffee
80.3877154925781,22.587335152825,62.0181336985054,26.6986152584192,43.5478758409377,7.05280527079143,238.179806865835,coffee
48.1948738397075,83.1995097888631,76.0116754476967,17.6963776641974,50.5025645766885,6.09341893465883,171.676870678401,coffee
102.349485197267,87.692351340173,20.0185563485225,17.0582362832773,60.2421471803645,6.4256740421642,207.173220174002,coffee
25.1233064407126,34.9806482461191,48.5413911675761,29.8191254282459,60.4988169393031,6.39662152570515,129.79344453653,coffee
119.231049744054,43.1461717342707,63.8204947434461,32.5958198763411,72.8994275526607,7.0966095922499,123.561671578121,coffee
80.4097161257685,42.7177541110282,77.5180615589572,23.2106141318617,57.1799408538174,7.25907033204989,47.4346077476789,coffee
47.1466717250397,55.5794438559466,26.5841194575579,17.0592995463215,64.4818975797304,6.40023923148412,207.17626668847,coffee
46.4719567384906,23.4156504708415,28.151981454879,19.4510071093454,51.2960380694345,5.50112889986538,156.055259008918,coffee
104.508358633382,25.4019914639192,74.0782144056066,27.4662484007265,54.7641342644413,6.53225106980291,100.824030600872,coffee
70.0666725682405,23.9327779477149,32.8519522574972,25.0458386773457,62.4282102042009,5.95823999143124,86.0735150501474,coffee
76.218246536431,24.2862797595031,63.4666775299547,16.3609805895765,66.2485834775719,7.02132011834594,203.750932902913,coffee
94.2515054877156,35.0940248114495,59.6593905867354,33.2297419375878,84.9186016199731,6.7630207414101,192.794095311684,coffee
44.6631515792865,50.7640151869338,61.0068446844848,24.6015064369894,75.8983155786518,7.19053726256384,199.392850734011,coffee
41.6447033088862,13.9312538895436,70.1052800589731,16.0736918175005,56.3534334005571,6.99152930616007,201.867998229278,coffee
59.5583323852896,82.836762514355,57.0471130414154,15.9127499446798,49.9449829011899,6.65335953941259,187.532791424325,coffee
118.911713389173,49.6403473427707,25.8150928191911,28.35442426305,50.7956975841875,7.04575548672385,61.5393916059003,coffee
107.884958315587,26.4786557929957,64.8277726209852,21.5980145086525,79.8076823888382,6.62409462180179,93.3473940768034,coffee
86.4609534509764,57.8229800834427,16.555162841247,29.0132865002441,57.2733113995163,6.42076823158225,112.604440777844,coffee
32.9437823374494,82.4130256811218,16.0055107022661,19.3978444786732,40.670293274182,5.51793271117747,112.855663515095,coffee
60.3215778713681,12.9854600517943,75.6094719751782,30.5438305416814,42.4673770449438,5.55010765607008,94.0780201992383,coffee
21.4045848052039,50.2191449889071,71.8647876087878,26.1567191086508,43.2575899563998,6.81289008693438,110.895464485928,coffee
104.315747620685,16.0314370719862,65.6648705809679,24.5758893385417,48.2672803980612,6.5335295633569,193.504495762058,coffee
51.2672280386403,56.2765145144782,39.148122055525,31.7429651118549,45.2333044261827,6.2136033394903,220.53265520862,coffee
79.0341520770612,21.2109509907714,46.3480292453189,19.5001796933358,74.3760124497935,7.01127360086482,139.88309893286,coffee
36.8664946765017,77.6780578809222,53.6896438843988,31.5956912639531,64.1647067289635,7.49304165597681,176.618374156122,coffee
29.5047938681696,26.7890002656677,24.9979858705765,21.229209530274,76.1772582545771,5.51627596468491,100.118872905205,coffee
102.976985761419,33.2464458529122,66.8768429904603,31.6235612782759,62.1490708259629,6.73191588336225,59.0141346487282,coffee
65.8861819216451,51.6701141938894,80.8030290043927,33.7706989416716,70.0713471230452,6.2956701427678,128.9779087291,coffee
56.2602424976697,39.1620095582502,38.2978879536027,21.1695900029361,80.5363709365653,7.2239272909816,181.643431182785,coffee
42.94172398883,23.6859733675076,60.4306932610603,27.9344771862656,63.4109779160521,5.66082020577081,85.7011117579886,coffee
56.8593928110131,26.1715842113698,51.7981445355332,21.2471316318247,55.6898659331211,6.64679792669918,199.720049262848,coffee
104.955631422324,66.5384985769813,42.5681644527093,20.4341962772581,46.2855486438077,6.27018061222983,189.058656785199,coffee
52.5099296087911,59.0132741485784,77.3874731279851,32.3748264915193,66.9408590472028,5.9537187183526,193.81355787805,coffee
104.533738384272,74.8001119051129,15.2086683456826,33.062616585783,46.5778451583245,6.72357563545163,166.074049722438,coffee
31.9505906067559,17.3670282621714,27.9117943220361,34.4391524044048,64.0996527458074,7.24583831324514,58.9562571323273,coffee
51.8731624781495,43.1484393929823,58.8324855844641,21.391769417744,77.0996248615438,6.82626532825002,147.739683258226,coffee
85.7793887265862,85.1196840010209,17.5738780398731,30.22258768567,61.4593002719149,7.42937880378653,229.906768198082,coffee
75.8408740236614,70.6208230092287,69.4587774316123,33.4311639417108,78.4097834669099,6.47035765599942,149.883874296157,coffee
59.2143403828211,51.8165442169721,43.6458026611459,19.0497870110207,83.27250155307,5.82043809086105,193.310585712693,coffee
81.4643378935123,26.750137292198,35.9826535549865,27.0826203991112,63.0477017271555,6.73907047288449,41.3372109743474,coffee
39.8310434444952,31.2057000497383,53.4406997582133,30.484992971404,65.367701277308,5.93879880590308,79.3841342811399,coffee
107.100534880115,87.2969032066394,24.9401011503954,28.3860199495154,69.1194287124646,6.89206934785101,157.830404824498,coffee
53.4327565661784,42.5177335890558,18.5279596194289,28.6399419017322,57.4483147880287,6.63402269367782,234.58352640019,coffee
109.164868970013,27.3562090552208,23.1969384235316,32.2564992482106,62.6311128412518,7.06599140519555,49.0616067494553,coffee
92.9619333860287,68.961399411299,25.9898855029558,34.2940437976709,55.5319374452959,7.29590054498795,115.620644216249,coffee
69.2689036993631,28.3063744838845,25.3115983960738,20.7964809731564,51.9600741271675,6.17142609538111,149.438991555683,coffee
75.6495512629158,31.3779445837149,52.3231847152688,21.2902545958246,60.8882967177258,5.83790648464947,98.8663207874011,coffee
100.290504628928,29.9482216406372,79.5493747408266,17.4886164173897,42.3635750321502,5.65955890070626,104.398966396413,coffee
